رقم الحساب,العملة,اسم الحساب,المستوى,النوع,الحساب الرئيسي,التضمين,نوع التقرير
1,"R.S,",الاصول,1,رئيسي,0,الاصول,الميزانية العمومية
11,"R.S,",الاصول المتداولة,2,رئيسي,1,=,الميزانية العمومية
111,"R.S,",النقدية بالبنوك والصناديق,3,رئيسي,11,=,الميزانية العمومية
1111,"R.S,",النقدية في الصناديق,4,رئيسي,111,=,الميزانية العمومية
111101,"R.S,",الصناديق,5,رئيسي,1111,=,الميزانية العمومية
1111010007,"R.S,",صندوق فرع عتيقة,6,فرعي,111101,=,الميزانية العمومية
1111010019,"R.S,",صندوق فرع اليرموك,6,فرعي,111101,=,الميزانية العمومية
1111010010,"R.S,",صندوق فرع شقراء,6,فرعي,111101,=,الميزانية العمومية
1111010009,"R.S,",صندوق فرع ام الحمام,6,فرعي,111101,=,الميزانية العمومية
1111010008,"R.S,",صندوق فرع الروضة,6,فرعي,111101,=,الميزانية العمومية
1111010002,"R.S,",صندوق فرع التعمير,6,فرعي,111101,=,الميزانية العمومية
1111010017,"R.S,",صندوق فرع عتيقة 2 الجديد,6,فرعي,111101,=,الميزانية العمومية
1111010013,"R.S,",صندوق فرع الربوة,6,فرعي,111101,=,الميزانية العمومية
1111010012,"R.S,",صندوق فرع ام الحمام 2 شارع الاربعين,6,فرعي,111101,=,الميزانية العمومية
1111010021,"R.S,",صندوق فرع السلام,6,فرعي,111101,=,الميزانية العمومية
1111010004,"R.S,",صندوق وسيط نقاط البيع,6,فرعي,111101,=,الميزانية العمومية
1111010022,"R.S,",صندوق فرع العويس,6,فرعي,111101,=,الميزانية العمومية
1111010011,"R.S,",صندوق الروضه 2 -سلمان الفارسي,6,فرعي,111101,=,الميزانية العمومية
1111010014,"R.S,",صندوق فرع القرية الشعبية,6,فرعي,111101,=,الميزانية العمومية
1111010006,"R.S,",صندوق فرع التعمير 2,6,فرعي,111101,=,الميزانية العمومية
1111010018,"R.S,",صندوق فرع التعمير 3 الجديد,6,فرعي,111101,=,الميزانية العمومية
1111010003,"R.S,",صندوق  محل الديرة الفرع الرئيسي,6,فرعي,111101,=,الميزانية العمومية
1111010023,"R.S,",صندوق فرع اسواق حجاب- النسيم,6,فرعي,111101,=,الميزانية العمومية
1111010001,"R.S,",صندوق الادارة الرئيسي,6,فرعي,111101,=,الميزانية العمومية
111102,"R.S,",عهدة صناديق (فكة),5,رئيسي,1111,=,الميزانية العمومية
1111020001,"R.S,",عهده صناديق (فكة ),6,فرعي,111102,=,الميزانية العمومية
1112,"R.S,",النقدية في البنوك,4,رئيسي,111,=,الميزانية العمومية
111201,"R.S,",البنوك,5,رئيسي,1112,=,الميزانية العمومية
1112010008,"$,R.S,",بنك الرياض,6,فرعي,111201,=,الميزانية العمومية
1112010002,"R.S,",بنك الراجحي,6,فرعي,111201,=,الميزانية العمومية
1112010007,"$,R.S,",البنك الاهلي -دولار$,6,فرعي,111201,=,الميزانية العمومية
1112010004,"R.S,",بنك الانماء -دار خولان,6,فرعي,111201,=,الميزانية العمومية
1112010003,"R.S,",بنك الانماء موقف,6,فرعي,111201,=,الميزانية العمومية
1112010006,"R.S,",البنك السعودي الفرنسي,6,فرعي,111201,=,الميزانية العمومية
1112010001,"R.S,",البنك الأهلي,6,فرعي,111201,=,الميزانية العمومية
1112010005,"R.S,",البنك الاهلي -شبكات,6,فرعي,111201,=,الميزانية العمومية
1112010010,"$,R.S,",بنك الانماء دولار,6,فرعي,111201,=,الميزانية العمومية
1112010009,"$,R.S,",بنك الجزيرة,6,فرعي,111201,=,الميزانية العمومية
1113,"R.S,",شيكات قبض تحت التحصيل,4,رئيسي,111,=,الميزانية العمومية
111301,"R.S,",شيكات قبض تحت التحصيل,5,رئيسي,1113,=,الميزانية العمومية
1113010001,"R.S,",شيكات تحت التحصيل,6,فرعي,111301,=,الميزانية العمومية
112,"R.S,",المدينون,3,رئيسي,11,=,الميزانية العمومية
1121,"R.S,",العملاء,4,رئيسي,112,=,الميزانية العمومية
112101,"R.S,",العملاء,5,رئيسي,1121,=,الميزانية العمومية
1121010002,"R.S,",عملاء خارجيين,6,فرعي,112101,=,الميزانية العمومية
1121010003,"R.S,",عملاء ايجارات,6,فرعي,112101,=,الميزانية العمومية
1121010001,"$,R.S,",عملاء محليين,6,فرعي,112101,=,الميزانية العمومية
112102,"R.S,",مخصص الديون المشكوك فيها,5,رئيسي,1121,=,الميزانية العمومية
112102001,"R.S,",مخصص ديون مشكوك في تحصيلها,6,فرعي,112102,=,الميزانية العمومية
113,"R.S,",ذمم موظفين والتامينات والعهد,3,رئيسي,11,=,الميزانية العمومية
1131,"R.S,",ذمم موظفين,4,رئيسي,113,=,الميزانية العمومية
113101,"R.S,",سلف العاملين,5,رئيسي,1131,=,الميزانية العمومية
1131010001,"R.S,",الموظف عمران علي شرف,6,فرعي,113101,=,الميزانية العمومية
1132,"R.S,",السلف المؤقتة (العهد ),4,رئيسي,113,=,الميزانية العمومية
113201,"R.S,",العهد المؤقتة (العهد ),5,رئيسي,1132,=,الميزانية العمومية
1132010002,"R.S,",عهد موظفين (تحويلات بنكية),6,فرعي,113201,=,الميزانية العمومية
1132010001,"R.S,",عهد الموظفين,6,فرعي,113201,=,الميزانية العمومية
1133,"R.S,",الضمانات المدينة,4,رئيسي,113,=,الميزانية العمومية
113301,"R.S,",ضمانات اعتمادات,5,رئيسي,1133,=,الميزانية العمومية
1133010001,"R.S,",ضمانات اعتمادات بنكية,6,فرعي,113301,=,الميزانية العمومية
1134,"R.S,",التامينات المدينة .....,4,رئيسي,113,=,الميزانية العمومية
1135,"R.S,",سلف الموظفين,4,رئيسي,113,=,الميزانية العمومية
114,"R.S,",المخزون,3,رئيسي,11,=,الميزانية العمومية
1141,"R.S,",المخزون السلعي,4,رئيسي,114,=,الميزانية العمومية
114101,"R.S,",المخزون العام,5,رئيسي,1141,=,الميزانية العمومية
1141010001,"R.S,",المخزن الرئيسي,6,فرعي,114101,=,الميزانية العمومية
1141010003,"R.S,",مخزن محلات الجملة,6,فرعي,114101,=,الميزانية العمومية
1141010002,"R.S,",مخازن المندوبين,6,فرعي,114101,=,الميزانية العمومية
115,"R.S,",الاعتمادات المستندية وخطابات الضمان,3,رئيسي,11,=,الميزانية العمومية
1151,"R.S,",الاعتمادات المستندية,4,رئيسي,115,=,الميزانية العمومية
115101,"R.S,",الاعمادات المستندية,5,رئيسي,1151,=,الميزانية العمومية
1151010004,"R.S,",مصاريف بنكيه,6,فرعي,115101,=,الميزانية العمومية
1151010001,"$,R.S,",اعتماد الفاتورة,6,فرعي,115101,=,الميزانية العمومية
1151010005,"R.S,",مصروفات الشحن,6,فرعي,115101,=,الميزانية العمومية
1151010006,"R.S,",مصروفات اخري,6,فرعي,115101,=,الميزانية العمومية
1151010002,"R.S,",الجمارك,6,فرعي,115101,=,الميزانية العمومية
1151010003,"R.S,",مصاريف تكاليف المشتريات الخارجية,6,فرعي,115101,=,الميزانية العمومية
1151010007,"R.S,",مصروفات تامين بحري (تامين حمولة),6,فرعي,115101,=,الميزانية العمومية
116,"R.S,",الارصدة المدينة الاخرى,3,رئيسي,11,=,الميزانية العمومية
1161,"R.S,",حسابات انتقالية مدينة,4,رئيسي,116,=,الميزانية العمومية
116101,"R.S,",المصاريف المدفوعة مقدماً,5,رئيسي,1161,=,الميزانية العمومية
1161010035,"R.S,",ايجار مقدم محل العويس,6,فرعي,116101,=,الميزانية العمومية
1161010005,"R.S,",ايجار مقدم المستودع رقم 44,6,فرعي,116101,=,الميزانية العمومية
1161010036,"R.S,",ايجار شقة محل العويس,6,فرعي,116101,=,الميزانية العمومية
1161010022,"R.S,",ايجار مقدم شقة العزيزية,6,فرعي,116101,=,الميزانية العمومية
1161010013,"R.S,",ايجار مقدم فرع ام الحمام 1,6,فرعي,116101,=,الميزانية العمومية
1161010018,"R.S,",ايجار مقدم فرع القرية الشعبية,6,فرعي,116101,=,الميزانية العمومية
1161010021,"R.S,",ايجار مقدم فرع اليرموك,6,فرعي,116101,=,الميزانية العمومية
1161010032,"R.S,",ايجار مقدم شقة اليرموك,6,فرعي,116101,=,الميزانية العمومية
1161010034,"R.S,",ايجار مقدم شقة  اسواق مكة,6,فرعي,116101,=,الميزانية العمومية
1161010019,"R.S,",ايجار مقدم فرع عتيقة 2,6,فرعي,116101,=,الميزانية العمومية
1161010003,"R.S,",مصاريف كهرباء مقدم,6,فرعي,116101,=,الميزانية العمومية
1161010017,"R.S,",ايجار مقدم فرع الربوة,6,فرعي,116101,=,الميزانية العمومية
1161010012,"R.S,",ايجار مقدم فرع شقراء,6,فرعي,116101,=,الميزانية العمومية
1161010020,"R.S,",ايجار مقدم فرع التعمير 3,6,فرعي,116101,=,الميزانية العمومية
1161010014,"R.S,",ايجار مقدم فرع الروضه 1,6,فرعي,116101,=,الميزانية العمومية
1161010007,"R.S,",ايجار مقدم مستودع رقم 25,6,فرعي,116101,=,الميزانية العمومية
1161010011,"R.S,",ايجار مقدم فرع عتيقة 1 فتحه,6,فرعي,116101,=,الميزانية العمومية
1161010038,"R.S,",ايجار مقدم شقه فرع حجاب,6,فرعي,116101,=,الميزانية العمومية
1161010002,"R.S,",ايجار مقدم محل التعمير 1,6,فرعي,116101,=,الميزانية العمومية
1161010010,"R.S,",ايجار مقدم فرع التعمير 2,6,فرعي,116101,=,الميزانية العمومية
1161010033,"R.S,",ايجار مقدم شقة ام الحمام 1,6,فرعي,116101,=,الميزانية العمومية
1161010006,"R.S,",ايجار مقدم مستودع رقم 8 + 7,6,فرعي,116101,=,الميزانية العمومية
1161010008,"R.S,",ايجار مقدم فرع الديره,6,فرعي,116101,=,الميزانية العمومية
1161010016,"R.S,",ايجار مقدم فرع ام الحمام 2,6,فرعي,116101,=,الميزانية العمومية
1161010039,"R.S,",ايجار مقدم سكن موظفين الشركة - الاستراحة,6,فرعي,116101,=,الميزانية العمومية
1161010037,"R.S,",ايجار محل اسواق حجاب,6,فرعي,116101,=,الميزانية العمومية
1161010015,"R.S,",ايجار مقدم فرع الروضه 2 - سلمان الفارسي,6,فرعي,116101,=,الميزانية العمومية
1161010001,"R.S,",ايجار المكتب الرئيسي -التعمير,6,فرعي,116101,=,الميزانية العمومية
1161010004,"R.S,",رسوم تجديد الاقامات مقدم,6,فرعي,116101,=,الميزانية العمومية
1161010009,"R.S,",ايجار مقدم مستودع 7,6,فرعي,116101,=,الميزانية العمومية
116102,"R.S,",ضريبة القيمة المضافة,5,رئيسي,1161,=,الميزانية العمومية
1161020001,"$,R.S,",ضريبة القيمة المضافة - مشتريات,6,فرعي,116102,=,الميزانية العمومية
1161020002,"R.S,",وسيط ضريبة,6,فرعي,116102,=,الميزانية العمومية
116103,"R.S,",حسابات وسيطة,5,رئيسي,1161,=,الميزانية العمومية
1161030009,"R.S,",وسيط مبيعات معلقة الفروع,6,فرعي,116103,=,الميزانية العمومية
1161030001,"R.S,",وسيط التحويلاتت المخزنية,6,فرعي,116103,=,الميزانية العمومية
1161030006,"R.S,",وسيط تكاليف طحن وتحميص,6,فرعي,116103,=,الميزانية العمومية
1161030010,"R.S,",رقابة خصومات اضافية,6,فرعي,116103,=,الميزانية العمومية
1161030004,"R.S,",وسيط نقاط البيع,6,فرعي,116103,=,الميزانية العمومية
1161030002,"R.S,",وسيط تسوية المخزون,6,فرعي,116103,=,الميزانية العمومية
1161030003,"R.S,",وسيط مصاريف النقل,6,فرعي,116103,=,الميزانية العمومية
1161030008,"R.S,",وسيط فوارق عجز او فائض الصندوق,6,فرعي,116103,=,الميزانية العمومية
1161030011,"R.S,",تسويات جردية - مخزنية,6,فرعي,116103,=,الميزانية العمومية
1161030012,"R.S,",تسويات مخزنية الفروع -يومية,6,فرعي,116103,=,الميزانية العمومية
1161030007,"R.S,",وسيط مشتريات نقدية الفروع,6,فرعي,116103,=,الميزانية العمومية
116104,"R.S,",ايجارات مدينة اخرى,5,رئيسي,1161,=,الميزانية العمومية
12,"R.S,",الاصول الغير متداولة,2,رئيسي,1,=,الميزانية العمومية
121,"R.S,",الاصول الثابته,3,رئيسي,12,=,الميزانية العمومية
1211,"R.S,",السيارات وشاحنات النقل,4,رئيسي,121,=,الميزانية العمومية
121101,"R.S,",سيارات النقل,5,رئيسي,1211,=,الميزانية العمومية
1211010006,"R.S,",باص لنقل البضاعة تويوتا ثلاجة,6,فرعي,121101,=,الميزانية العمومية
1211010008,"R.S,",باص هاي ايس  تويوتا ابيض أ و أ 4144,6,فرعي,121101,=,الميزانية العمومية
1211010005,"R.S,",سيارة كامري,6,فرعي,121101,=,الميزانية العمومية
1211010002,"R.S,",سيارة كورلا 2013,6,فرعي,121101,=,الميزانية العمومية
1211010009,"R.S,",سيارة جيمس دينالي موديل 2024,6,فرعي,121101,=,الميزانية العمومية
1211010004,"R.S,",سيارة تويوتا افالون 2017,6,فرعي,121101,=,الميزانية العمومية
1211010001,"R.S,",سارة تويوتا هايس فان موديل 2022 ديزل يدوي,6,فرعي,121101,=,الميزانية العمومية
1211010003,"R.S,",سيارة هونداي اكسنت 2012,6,فرعي,121101,=,الميزانية العمومية
1211010007,"R.S,",سيارة كورولا فضي,6,فرعي,121101,=,الميزانية العمومية
121102,"R.S,",شاحنات النقل,5,رئيسي,1211,=,الميزانية العمومية
1211020001,"R.S,",شاحنات النقل,6,فرعي,121102,=,الميزانية العمومية
1212,"R.S,",الاثات والديكورات,4,رئيسي,121,=,الميزانية العمومية
121201,"R.S,",الاثاث والمفروشات,5,رئيسي,1212,=,الميزانية العمومية
1212010001,"R.S,",رفوف واستندات,6,فرعي,121201,=,الميزانية العمومية
121202,"R.S,",التجهيزات المكتبية,5,رئيسي,1212,=,الميزانية العمومية
1212020001,"R.S,",تجهيزات مكتبية ....,6,فرعي,121202,=,الميزانية العمومية
1212020002,"R.S,",خزنة مقاومة للحريق,6,فرعي,121202,=,الميزانية العمومية
1213,"R.S,",الكبيوترات والطابعات والانظمة,4,رئيسي,121,=,الميزانية العمومية
121301,"R.S,",الكمبيوترات,5,رئيسي,1213,=,الميزانية العمومية
1213010001,"R.S,",كمبيوترات .....,6,فرعي,121301,=,الميزانية العمومية
1213010002,"R.S,",جهاز شبكة انترنت روتر  دراي تيك,6,فرعي,121301,=,الميزانية العمومية
121302,"R.S,",الانظمة,5,رئيسي,1213,=,الميزانية العمومية
1213020001,"R.S,",برامج الحاسب الالي,6,فرعي,121302,=,الميزانية العمومية
121303,"R.S,",الطابعات,5,رئيسي,1213,=,الميزانية العمومية
1213034,"R.S,",اتش بي طابعة متعددة الالوان mffbpriner ink iankwtfi415,6,فرعي,121303,=,الميزانية العمومية
1213032,"R.S,",EPSON TM T20III-O11,6,فرعي,121303,=,الميزانية العمومية
1213033,"R.S,",SCANNER SUMBOL LT 4278,6,فرعي,121303,=,الميزانية العمومية
1213035,"R.S,",REBURBISHED NTEGRA MACHINEالة عد وفحص عمالات,6,فرعي,121303,=,الميزانية العمومية
1213031,"R.S,",طابعة ZEBRA GK420T,6,فرعي,121303,=,الميزانية العمومية
1213030006,"R.S,",طابعة HP Smart TANK 515 -,6,فرعي,121303,=,الميزانية العمومية
121304,"R.S,",الميازين,5,رئيسي,1213,=,الميزانية العمومية
1213047,"R.S,",مكينة عد وفرز النقود لمحل الروضه 2,6,فرعي,121304,=,الميزانية العمومية
1213042,"R.S,",ميازين كلاس1,6,فرعي,121304,=,الميزانية العمومية
1213046,"R.S,",ميزان  كامري30كيلو  الكتروني3,6,فرعي,121304,=,الميزانية العمومية
1213043,"R.S,",ميزان  كامري30كيلو  الكتروني2,6,فرعي,121304,=,الميزانية العمومية
1213044,"R.S,",ميزان كامري 6كيلو  جرام بطارية,6,فرعي,121304,=,الميزانية العمومية
1213045,"R.S,",ميزان  كامري30كيلو  الكتروني2,6,فرعي,121304,=,الميزانية العمومية
1213041,"R.S,",ميازين كلاس2,6,فرعي,121304,=,الميزانية العمومية
1214,"R.S,",الاجهزة الكهربائية والعدد والادوات,4,رئيسي,121,=,الميزانية العمومية
121401,"R.S,",الاجهزة الكهربائية,5,رئيسي,1214,=,الميزانية العمومية
1214010001,"R.S,",مكيفات,6,فرعي,121401,=,الميزانية العمومية
121402,"R.S,",العددوالادوات,5,رئيسي,1214,=,الميزانية العمومية
1214020001,"R.S,",العدد والادوات الصغيرة,6,فرعي,121402,=,الميزانية العمومية
1215,"R.S,",المعدات والالات,4,رئيسي,121,=,الميزانية العمومية
121502,"R.S,",المعدات,5,رئيسي,1215,=,الميزانية العمومية
1215020006,"R.S,",رافعة شوكية حموله 3 طن للمستودع,6,فرعي,121502,=,الميزانية العمومية
1215020004,"R.S,",ثلاجة حلويات مقوس 1.8 ذهبي,6,فرعي,121502,=,الميزانية العمومية
1215020007,"R.S,",مكيف ال جي سبيليت جولد انفرتر 38 بارد لمحل الديرة الرئيسي,6,فرعي,121502,=,الميزانية العمومية
1215020009,"R.S,",مكيفات غرفه لمحل الربوة وغرفة لمحل ام الحمام,6,فرعي,121502,=,الميزانية العمومية
1215020015,"R.S,",مكيف ستار واي مخفي 5 طن بارد لمحل عتيقة 2 الجديد,6,فرعي,121502,=,الميزانية العمومية
1215020008,"R.S,",مكيفات 2لمحل الربوة و3محل ام الحمام و5محل القرية الشعبية,6,فرعي,121502,=,الميزانية العمومية
1215020013,"R.S,",ثلاجات لمحل التعمير 3,6,فرعي,121502,=,الميزانية العمومية
1215020011,"R.S,",ثلاجة مكشوفة لمحل ام الحمام 2,6,فرعي,121502,=,الميزانية العمومية
1215020003,"R.S,",حماصة قهوة + طواحين,6,فرعي,121502,=,الميزانية العمومية
1215020001,"R.S,",ثلاجة تبريد  مع باب مفصلي  90*190مع كامل الاالاكسورات ايطالي,6,فرعي,121502,=,الميزانية العمومية
1215020012,"R.S,",غرفة تجميد لمحل الربوة الجديد,6,فرعي,121502,=,الميزانية العمومية
1215020010,"R.S,",مكيف ماندو  مخفي 5 طن حار/ بارد لمحل الربوة الجديد,6,فرعي,121502,=,الميزانية العمومية
1215020005,"R.S,",مكيف ماندو سبليت موديل 30 بارد 26800 وحدة لمحل الروضة الجديد,6,فرعي,121502,=,الميزانية العمومية
1215020002,"R.S,",غرفه تبريد  للمستودع 7,6,فرعي,121502,=,الميزانية العمومية
1215020014,"R.S,",ثلاجات لمحل عتيقة 2,6,فرعي,121502,=,الميزانية العمومية
1216,"R.S,",العقارات,4,رئيسي,121,=,الميزانية العمومية
121601,"R.S,",المباني,5,رئيسي,1216,=,الميزانية العمومية
1216010002,"R.S,",مستودع العزيزية طريق عرفات  قطعة رقم 223 مخطط 3030,6,فرعي,121601,=,الميزانية العمومية
1216010007,"R.S,",مبنى مصنع دار خولان تحت الانشاء - البوابة الصناعية للقطعة 1 مخطط 3880,6,فرعي,121601,=,الميزانية العمومية
1216010003,"R.S,",قطعة ارض مصنع رقم 1 مخطط رقم 3880 حي المصفاة الرياض,6,فرعي,121601,=,الميزانية العمومية
1216010004,"R.S,",قطعة ارض مستودعات العزيزية رقم 224 مخطط 3030,6,فرعي,121601,=,الميزانية العمومية
1216010005,"R.S,",قطعة ارض فندق حي العزيزية رقم القطعة 30 مخطط 3085 مساحة 1995متر,6,فرعي,121601,=,الميزانية العمومية
1216010001,"R.S,",المستودعات الجديده قطعة ارض رقم 104-2483,6,فرعي,121601,=,الميزانية العمومية
1216010008,"R.S,",مستودع الشركة الدار البيضاء  مخطط رقم 2483 قطعة رقم 93 مساحة 4400 متر,6,فرعي,121601,=,الميزانية العمومية
1216010006,"R.S,",مبنى فندق تحت الانشاء  للقطعة رقم 30 مخطط 3085,6,فرعي,121601,=,الميزانية العمومية
121602,"R.S,",الاراضي,5,رئيسي,1216,=,الميزانية العمومية
1216020002,"R.S,",مبني سكن موظفين شركة دار خولان,6,فرعي,121602,=,الميزانية العمومية
1216020001,"R.S,",ارضية ....,6,فرعي,121602,=,الميزانية العمومية
1217,"R.S,",مصاريف التاسيس ونقل القدم,4,رئيسي,121,=,الميزانية العمومية
121701,"R.S,",مصاريف التاسيس,5,رئيسي,1217,=,الميزانية العمومية
1217010001,"R.S,",مصروف تأسيس المكاتب,6,فرعي,121701,=,الميزانية العمومية
1217010002,"R.S,",مصروف تأسيس الفروع,6,فرعي,121701,=,الميزانية العمومية
123,"R.S,",مصاريف التاسيس ونقل القدم,3,رئيسي,12,=,الميزانية العمومية
1231,"R.S,",مصاريف التاسيس,4,رئيسي,123,=,الميزانية العمومية
123101,"R.S,",مصروف تأسيس المكاتب,5,رئيسي,1231,=,الميزانية العمومية
1231010001,"R.S,",مصروف تأسيس المكاتب,5,رئيسي,123101,=,الميزانية العمومية
124,"R.S,",اطفاء مصاريف التاسيس,3,رئيسي,12,=,الميزانية العمومية
1241,"R.S,",اطفاء مصاريف التاسيس,4,رئيسي,124,=,الميزانية العمومية
124101,"R.S,",اطفاء مصاريف التاسيس,5,رئيسي,1241,=,الميزانية العمومية
1241010001,"R.S,",اطفاء مصاريف التاسيس,5,رئيسي,124101,=,الميزانية العمومية
2,"R.S,",الخصوم,1,رئيسي,0,الخصوم,الميزانية العمومية
21,"R.S,",الخصوم المتداولة,2,رئيسي,2,=,الميزانية العمومية
211,"R.S,",الدائنوان,3,رئيسي,21,=,الميزانية العمومية
2111,"R.S,",الموردون,4,رئيسي,211,=,الميزانية العمومية
211101,"R.S,",موردون محليون وخارجيون,5,رئيسي,2111,=,الميزانية العمومية
2111010001,"$,R.S,",الموردون المحليون,6,فرعي,211101,=,الميزانية العمومية
2111010003,"R.S,",موردون متنوعون خدمات,6,فرعي,211101,=,الميزانية العمومية
2111010002,"$,R.S,",موردون خارجيون,6,فرعي,211101,=,الميزانية العمومية
2112,"R.S,",ذمم دائنة اخرى,4,رئيسي,211,=,الميزانية العمومية
212,"R.S,",اوراق دفع,3,رئيسي,21,=,الميزانية العمومية
2121,"R.S,",شيكات دفع تحت التحصيل,4,رئيسي,212,=,الميزانية العمومية
212101,"R.S,",شيكات دفع تحت التحصيل,5,رئيسي,2121,=,الميزانية العمومية
2121010001,"R.S,",شيكات دفع بنك ......تحت التحصيل,6,فرعي,212101,=,الميزانية العمومية
213,"R.S,",التامينات الدائنة,3,رئيسي,21,=,الميزانية العمومية
2131,"R.S,",التامينات الدائنة,4,رئيسي,213,=,الميزانية العمومية
213101,"R.S,",ضمانات العملاء,5,رئيسي,2131,=,الميزانية العمومية
2131010001,"R.S,",ضمانة العميل ............,6,فرعي,213101,=,الميزانية العمومية
214,"R.S,",الارصدة الدئنة الاخرى,3,رئيسي,21,=,الميزانية العمومية
2141,"R.S,",مصاريف مستحقة,4,رئيسي,214,=,الميزانية العمومية
214101,"R.S,",مصاريف مستحقة اعتمادات,5,رئيسي,2141,=,الميزانية العمومية
2141010001,"R.S,",مصاريف مستحقة اعتماد رقم ...,6,فرعي,214101,=,الميزانية العمومية
214102,"R.S,",المصاريف المستحقة مصاريف,5,رئيسي,2141,=,الميزانية العمومية
2141020001,"R.S,",مصاريف مستحقة متنوعة,6,فرعي,214102,=,الميزانية العمومية
2141020003,"R.S,",مخصص اجازة سنوية,6,فرعي,214102,=,الميزانية العمومية
2141020006,"R.S,",مكتب البتراء - يحيى الكبسي للاستقدام,6,فرعي,214102,=,الميزانية العمومية
214103,"R.S,",عمولة مندوبين مستحقة,5,رئيسي,2141,=,الميزانية العمومية
2141030001,"R.S,",عمولة مندوبين مستحقة,6,فرعي,214103,=,الميزانية العمومية
2142,"R.S,",الضرائب,4,رئيسي,214,=,الميزانية العمومية
214201,"R.S,",ضريبة القيمة المضافة,5,رئيسي,2142,=,الميزانية العمومية
2142010001,"$,R.S,",ضريبة القيمة المضافة  -  مبيعات,6,فرعي,214201,=,الميزانية العمومية
22,"R.S,",الخصوم طويله الأجل,2,رئيسي,2,=,الميزانية العمومية
221,"R.S,",القروض,3,رئيسي,22,=,الميزانية العمومية
2211,"R.S,",قروض بنكية,4,رئيسي,221,=,الميزانية العمومية
221101,"R.S,",قروض البنك الأهلي,5,رئيسي,2211,=,الميزانية العمومية
2211010001,"R.S,",قرض رقم 1 - البنك الأهلي,6,فرعي,221101,=,الميزانية العمومية
222,"R.S,",المخصصات,3,رئيسي,22,=,الميزانية العمومية
2221,"R.S,",مخصصات,4,رئيسي,222,=,الميزانية العمومية
222101,"R.S,",مخصصات,5,رئيسي,2221,=,الميزانية العمومية
2221010002,"R.S,",مخصص نهاية خدمة,6,فرعي,222101,=,الميزانية العمومية
2221010001,"R.S,",مجمع اهلاك الاصول الثابتة,6,فرعي,222101,=,الميزانية العمومية
2221010004,"R.S,",مستحقات حوافز ومكافئات وعمولة مبيعات,6,فرعي,222101,=,الميزانية العمومية
2221010003,"R.S,",مخصص الزكاة وضريبة الدخل,6,فرعي,222101,=,الميزانية العمومية
23,"R.S,",حقوق الملكية,2,رئيسي,2,=,الميزانية العمومية
231,"R.S,",حقوق ملكية الشركاء,3,رئيسي,23,=,الميزانية العمومية
2311,"R.S,",راس المال,4,رئيسي,231,=,الميزانية العمومية
231101,"R.S,",راس المال,5,رئيسي,2311,=,الميزانية العمومية
2311010001,"R.S,",راس المال,6,فرعي,231101,=,الميزانية العمومية
2312,"R.S,",الارباح والخسائر,4,رئيسي,231,=,الميزانية العمومية
231201,"R.S,",الارباح والخسائر,5,رئيسي,2312,=,الميزانية العمومية
2312010001,"R.S,",الارباح والخسائر للفترة,6,فرعي,231201,=,الميزانية العمومية
2312010002,"R.S,",الارباح والخسائر المرحلة,6,فرعي,231201,=,الميزانية العمومية
2314,"R.S,",الاحتياطيات,4,رئيسي,231,=,الميزانية العمومية
231401,"R.S,",الاحتياطيات,5,رئيسي,2314,=,الميزانية العمومية
2314010001,"R.S,",احتياطي قانوني,6,فرعي,231401,=,الميزانية العمومية
2315,"R.S,",جاري الشركاء,4,رئيسي,231,=,الميزانية العمومية
231501,"R.S,",جاري الشركاء,5,رئيسي,2315,=,الميزانية العمومية
2315010001,"R.S,",جاري الشريك سعد سعيد الاحمري,6,فرعي,231501,=,الميزانية العمومية
2315010002,"R.S,",جاري الشريك محمد سخيم,6,فرعي,231501,=,الميزانية العمومية
2315010003,"R.S,",جاري الشريك محمد سخيم,6,فرعي,231501,=,الميزانية العمومية
3,"R.S,",المصروفات,1,رئيسي,0,المصروفات,الارباح والخسائر
31,"R.S,",تكلفة البضاعه,2,رئيسي,3,=,الارباح والخسائر
312,"R.S,",تكلفة البضاعة المباعة,3,رئيسي,31,=,الارباح والخسائر
3121,"R.S,",تكلفة المبيعات,4,رئيسي,312,=,الارباح والخسائر
312101,"R.S,",تكلفة مبيعات المخزون السلعي,5,رئيسي,3121,=,الارباح والخسائر
3121010001,"R.S,",تكلفة المبيعات,6,فرعي,312101,=,الارباح والخسائر
3122,"R.S,",تكلفة مردود المبيعات,4,رئيسي,312,=,الارباح والخسائر
312201,"R.S,",تكلفة مردود المبيعات الفترة,5,رئيسي,3122,=,الارباح والخسائر
3122010001,"R.S,",تكلفة مردود المبيعات,6,فرعي,312201,=,الارباح والخسائر
3123,"R.S,",مردود المبيعات,4,رئيسي,312,=,الارباح والخسائر
312301,"R.S,",مردود المبيعات للفترة,5,رئيسي,3123,=,الارباح والخسائر
3123010001,"R.S,",مردود المبيعات,6,فرعي,312301,=,الارباح والخسائر
3124,"R.S,",الخصم المسموح به .,4,رئيسي,312,=,الارباح والخسائر
312401,"R.S,",الخصم المسموح به ..,5,رئيسي,3124,=,الارباح والخسائر
3124010001,"R.S,",الخصم المسموح به ...,6,فرعي,312401,=,الارباح والخسائر
3125,"R.S,",مردود مبيعات سنوات,4,رئيسي,312,=,الارباح والخسائر
312501,"R.S,",مردود مبيعات سنوات سابقة,5,رئيسي,3125,=,الارباح والخسائر
3125010001,"R.S,",مردود مبيعات سنوات سابقة,6,فرعي,312501,=,الارباح والخسائر
3125010002,"R.S,",تكلفة مردود مبيعات سنوات سابقة,6,فرعي,312501,=,الارباح والخسائر
312502,"R.S,",تكلفة مبيعات الكميات المجانية,5,رئيسي,3125,=,الارباح والخسائر
3125020001,"R.S,",تكلفة مبيعات الكميات المجانية,6,فرعي,312502,=,الارباح والخسائر
32,"R.S,",مصاريف  الادارية والعمومية,2,رئيسي,3,=,الارباح والخسائر
321,"R.S,",مصاريف  الادارية والعمومية,3,رئيسي,32,=,الارباح والخسائر
3211,"R.S,",المصاريف التسوقيية,4,رئيسي,321,=,الارباح والخسائر
32110001,"R.S,",مصاريف عمولات مشتريات,5,رئيسي,3211,=,الارباح والخسائر
32110001001,"R.S,",مصاريف استشارات وعمولات شراء,6,فرعي,32110001,=,الارباح والخسائر
32110001002,"R.S,",عمولات المبيعات والحوافز,6,فرعي,32110001,=,الارباح والخسائر
321101,"R.S,",الرواتب والاجور والبدلات و مافي حكمها,5,رئيسي,3211,=,الارباح والخسائر
3211010010,"R.S,",رسوم نقل الكفالة,6,فرعي,321101,=,الارباح والخسائر
3211010007,"R.S,",بدل علاج,6,فرعي,321101,=,الارباح والخسائر
3211010004,"R.S,",بدل مواصلات وانتقال,6,فرعي,321101,=,الارباح والخسائر
3211010021,"R.S,",مصاريف اكراميات الموظفين,6,فرعي,321101,=,الارباح والخسائر
3211010014,"R.S,",مصاريف تغذية واعاشة,6,فرعي,321101,=,الارباح والخسائر
3211010002,"R.S,",عمال بالاجر اليومي,6,فرعي,321101,=,الارباح والخسائر
3211010016,"R.S,",بدل اتصال,6,فرعي,321101,=,الارباح والخسائر
3211010012,"R.S,",رسوم استخراج رخصة القيادة,6,فرعي,321101,=,الارباح والخسائر
3211010009,"R.S,",رسوم الخروج والعودة,6,فرعي,321101,=,الارباح والخسائر
3211010005,"R.S,",بدل تذكرة سفر,6,فرعي,321101,=,الارباح والخسائر
3211010020,"R.S,",مصاريف سكن الموظفين,6,فرعي,321101,=,الارباح والخسائر
3211010019,"R.S,",مصروف نهاية خدمة,6,فرعي,321101,=,الارباح والخسائر
3211010017,"R.S,",رسوم اصدار شهائد صحية,6,فرعي,321101,=,الارباح والخسائر
3211010011,"R.S,",بدل المظهر,6,فرعي,321101,=,الارباح والخسائر
3211010001,"R.S,",رواتب الموظفين,6,فرعي,321101,=,الارباح والخسائر
3211010006,"R.S,",بدل اجازة سنوية,6,فرعي,321101,=,الارباح والخسائر
3211010018,"R.S,",حوافز ومكافئات وعمولة مبيعات,6,فرعي,321101,=,الارباح والخسائر
3211010013,"R.S,",مصروفات الوجبات والمشروبات-البوفية,6,فرعي,321101,=,الارباح والخسائر
3211010003,"R.S,",بدلات اخرى - ضمن الراتب,6,فرعي,321101,=,الارباح والخسائر
3211010008,"R.S,",رسوم استقدام العمالة و تجديد الاقامات والجواز,6,فرعي,321101,=,الارباح والخسائر
321102,"R.S,",مصاريف المرافق,5,رئيسي,3211,=,الارباح والخسائر
3211020004,"R.S,",مصاريف تليفون وانترنت,6,فرعي,321102,=,الارباح والخسائر
3211020007,"R.S,",تلفو المستودع,6,فرعي,321102,=,الارباح والخسائر
3211020003,"R.S,",بريد -دي اتش-فيدكس,6,فرعي,321102,=,الارباح والخسائر
3211020001,"R.S,",التلفون والفاكس-الادراة,6,فرعي,321102,=,الارباح والخسائر
3211020002,"R.S,",الجوال,6,فرعي,321102,=,الارباح والخسائر
3211020006,"R.S,",مصاريف تحميص وطحن وتبشير,6,فرعي,321102,=,الارباح والخسائر
3211020005,"R.S,",مصاريف كهرباء,6,فرعي,321102,=,الارباح والخسائر
3212,"R.S,",مصاريف خدمات حكومية,4,رئيسي,321,=,الارباح والخسائر
321201,"R.S,",مصاريف خدمات حكومية,5,رئيسي,3212,=,الارباح والخسائر
3212010006,"R.S,",مصاريف استشارات قانونية واتعاب مهنية,6,فرعي,321201,=,الارباح والخسائر
3212010003,"R.S,",رسوم البلدية والتراخيص,6,فرعي,321201,=,الارباح والخسائر
3212010001,"R.S,",اصدار وتعديل وتجديد السجل التجاري+ رخص المحلات,6,فرعي,321201,=,الارباح والخسائر
3212010002,"R.S,",رسوم اشتراكات,6,فرعي,321201,=,الارباح والخسائر
3212010005,"R.S,",مصاريف الزكاة و ضريبة الدخل ومصاريف الاستثمار,6,فرعي,321201,=,الارباح والخسائر
3212010007,"R.S,",مخالفات,6,فرعي,321201,=,الارباح والخسائر
321202,"R.S,",مصاريف الايجارات,5,رئيسي,3212,=,الارباح والخسائر
3212020003,"R.S,",مصاريف الايجار,6,فرعي,321202,=,الارباح والخسائر
3212020002,"R.S,",ايجار المستودع,6,فرعي,321202,=,الارباح والخسائر
321203,"R.S,",مصاريف منظفات وادوات تنظيف,5,رئيسي,3212,=,الارباح والخسائر
3212030001,"R.S,",منظفات وادوات نظافة,6,فرعي,321203,=,الارباح والخسائر
3213,"R.S,",مصاريف المطبوعات والقرطاسية,4,رئيسي,321,=,الارباح والخسائر
321301,"R.S,",مصاريف المطبوعات والقرطاسية,5,رئيسي,3213,=,الارباح والخسائر
3213010008,"R.S,",مصاريف تعبئة غاز,6,فرعي,321301,=,الارباح والخسائر
3213010003,"R.S,",اشتراك الصحف والمجلات,6,فرعي,321301,=,الارباح والخسائر
3213010006,"R.S,",مصاريف نقل وشحن وتنزيل البضائع,6,فرعي,321301,=,الارباح والخسائر
3213010001,"R.S,",مطبوعات وقرطاسية,6,فرعي,321301,=,الارباح والخسائر
3213010004,"R.S,",م تعبئة وتغليف,6,فرعي,321301,=,الارباح والخسائر
3213010002,"R.S,",.....,6,فرعي,321301,=,الارباح والخسائر
3213010007,"R.S,",مصاريف تعبئة مياه,6,فرعي,321301,=,الارباح والخسائر
3213010005,"R.S,",مصاريف نثرية متنوعة,6,فرعي,321301,=,الارباح والخسائر
3214,"R.S,",مصروفات رحلات عمل,4,رئيسي,321,=,الارباح والخسائر
321401,"R.S,",مصروفات رحلات عمل,5,رئيسي,3214,=,الارباح والخسائر
3214010003,"R.S,",رسوم الغاء تذاكر سفر وتعديل,6,فرعي,321401,=,الارباح والخسائر
3214010001,"R.S,",تذاكر سفر رحلات عمل,6,فرعي,321401,=,الارباح والخسائر
3214010002,"R.S,",مصروفات سفرواقامة فندق,6,فرعي,321401,=,الارباح والخسائر
3214010005,"R.S,",مصاريف لجنة الجرد,6,فرعي,321401,=,الارباح والخسائر
3214010004,"R.S,",مصاريف تاشيرات,6,فرعي,321401,=,الارباح والخسائر
3215,"R.S,",مصروفات التامينات,4,رئيسي,321,=,الارباح والخسائر
321501,"R.S,",مصروفات التامينات,5,رئيسي,3215,=,الارباح والخسائر
3215010002,"R.S,",التامينات الاجتماعية,6,فرعي,321501,=,الارباح والخسائر
3215010004,"R.S,",تامين ممتلكات,6,فرعي,321501,=,الارباح والخسائر
3215010005,"R.S,",تامين طبي,6,فرعي,321501,=,الارباح والخسائر
3215010003,"R.S,",تامين سيارات,6,فرعي,321501,=,الارباح والخسائر
3215010001,"R.S,",التامين الطبي ورسوم اصدار شهائد صحية,6,فرعي,321501,=,الارباح والخسائر
3216,"R.S,",مصروفات السيارات,4,رئيسي,321,=,الارباح والخسائر
321601,"R.S,",مصروفات السيارات,5,رئيسي,3216,=,الارباح والخسائر
3216010004,"R.S,",رسوم استمارة ورخصة السيارة والفحص,6,فرعي,321601,=,الارباح والخسائر
3216010001,"R.S,",م-سيارات بنزين -زيت ...,6,فرعي,321601,=,الارباح والخسائر
3216010003,"R.S,",كفرات السيارات,6,فرعي,321601,=,الارباح والخسائر
3216010005,"R.S,",تاجير السيارات,6,فرعي,321601,=,الارباح والخسائر
3216010002,"R.S,",قطع غيار وصيانة واصلاح السيارة,6,فرعي,321601,=,الارباح والخسائر
3216010006,"R.S,",غرامات مرورية,6,فرعي,321601,=,الارباح والخسائر
3217,"R.S,",مصروفات الصيانة,4,رئيسي,321,=,الارباح والخسائر
321701,"R.S,",مصروفات الصيانة,5,رئيسي,3217,=,الارباح والخسائر
3217010004,"R.S,",صيانة مكيفات والثلاجات,6,فرعي,321701,=,الارباح والخسائر
3217010008,"R.S,",مصاريف صيانة المحامص والطواحين,6,فرعي,321701,=,الارباح والخسائر
3217010006,"R.S,",مصاريف تجهيز الفروع,6,فرعي,321701,=,الارباح والخسائر
3217010003,"R.S,",صيانة كهرباء وسباكة وكل مايتعلق بالديكور,6,فرعي,321701,=,الارباح والخسائر
3217010002,"R.S,",صيانة الاثات والمفروشات والصحية,6,فرعي,321701,=,الارباح والخسائر
3217010005,"R.S,",متطلبات كهربائيه,6,فرعي,321701,=,الارباح والخسائر
3217010001,"R.S,",صيانة الحاسب الالي والطابعات وبرامج النظام,6,فرعي,321701,=,الارباح والخسائر
3218,"R.S,",مصاريف الاعلان والاعلان والتسويق,4,رئيسي,321,=,الارباح والخسائر
321801,"R.S,",مصاريف الاعلان والاعلان والتسويق,5,رئيسي,3218,=,الارباح والخسائر
3218010002,"R.S,",ترويج وتسويق واعلان تجارية,6,فرعي,321801,=,الارباح والخسائر
3218010008,"R.S,",مصاريف الزي الموحد للموظفين,6,فرعي,321801,=,الارباح والخسائر
3218010005,"R.S,",استندات عرض- علب,6,فرعي,321801,=,الارباح والخسائر
3218010007,"R.S,",علب بلاستيك,6,فرعي,321801,=,الارباح والخسائر
3218010003,"R.S,",كروت الضمان وكروت اخرى,6,فرعي,321801,=,الارباح والخسائر
3218010006,"R.S,",اكياس بلاستيك,6,فرعي,321801,=,الارباح والخسائر
3218010004,"R.S,",تسجيل علامات تجارية,6,فرعي,321801,=,الارباح والخسائر
3218010001,"R.S,",لوحات معارض تجارية-,6,فرعي,321801,=,الارباح والخسائر
3219,"R.S,",رسوم بنكية,4,رئيسي,321,=,الارباح والخسائر
321901,"R.S,",رسوم بنكية,5,رئيسي,3219,=,الارباح والخسائر
3219010002,"R.S,",رسوم اعتمادات و خطابات بنكية,6,فرعي,321901,=,الارباح والخسائر
3219010003,"R.S,",فرق تحويل العملات والحوالات,6,فرعي,321901,=,الارباح والخسائر
3219010004,"R.S,",رسوم نقاط البيع,6,فرعي,321901,=,الارباح والخسائر
3219010001,"R.S,",رسوم تحويلات بنكية,6,فرعي,321901,=,الارباح والخسائر
3220,"R.S,",مصروفات الإهلاكات,4,رئيسي,322,=,الارباح والخسائر
322,"R.S,",مصروفات الإهلاكات,3,رئيسي,32,=,الارباح والخسائر
322001,"R.S,",مصاريف اهلاك اصول المؤسسة,5,رئيسي,3220,=,الارباح والخسائر
3220010003,"R.S,",قسط اهلاك الكمبيوترات والانظمة,6,فرعي,322001,=,الارباح والخسائر
3220010005,"R.S,",قسط اهلاك المعدات والالات,6,فرعي,322001,=,الارباح والخسائر
3220010001,"R.S,",قسط اهلاك السيارات وشاحنات النقل,6,فرعي,322001,=,الارباح والخسائر
3220010006,"R.S,",اطفاء اهلاك تأسيس المكاتب,6,فرعي,322001,=,الارباح والخسائر
3220010004,"R.S,",قسط اهلاك الاجهزة الكهربائية والعدد والادوات,6,فرعي,322001,=,الارباح والخسائر
3220010002,"R.S,",قسط اهلاك الاثاث والتجهيز ات المكتبية,6,فرعي,322001,=,الارباح والخسائر
3221,"R.S,",مصروفات تسوية الحسابات والمخازن,4,رئيسي,322,=,الارباح والخسائر
322101,"R.S,",مصاريف تسوية الحسابات,5,رئيسي,3221,=,الارباح والخسائر
3221010001,"R.S,",مصاريف ديون معدومة,6,فرعي,322101,=,الارباح والخسائر
322102,"R.S,",مصاريف تسوية مخزنية,5,رئيسي,3221,=,الارباح والخسائر
3221020004,"R.S,",فروق الكسور,6,فرعي,322102,=,الارباح والخسائر
3221020008,"R.S,",عجز الصناديق,6,فرعي,322102,=,الارباح والخسائر
3221020007,"R.S,",فروق الصرف المخزني,6,فرعي,322102,=,الارباح والخسائر
3221020003,"R.S,",فروق الإعتمادات,6,فرعي,322102,=,الارباح والخسائر
3221020005,"R.S,",فروق التكلفة,6,فرعي,322102,=,الارباح والخسائر
3221020010,"R.S,",مصاريف عينات الجمارك,6,فرعي,322102,=,الارباح والخسائر
3221020002,"R.S,",أصناف مفقودة وتالفة,6,فرعي,322102,=,الارباح والخسائر
3221020006,"R.S,",فروق التحويل,6,فرعي,322102,=,الارباح والخسائر
3221020001,"R.S,",مصاريف فروق اوزان,6,فرعي,322102,=,الارباح والخسائر
4,"R.S,",الايرادات,1,رئيسي,0,الايرادات,الارباح والخسائر
41,"R.S,",ايرادات النشاط,2,رئيسي,4,=,الارباح والخسائر
411,"R.S,",ايرادات المبيعات,3,رئيسي,41,=,الارباح والخسائر
4111,"R.S,",ايرادات المبيعات,4,رئيسي,411,=,الارباح والخسائر
411101,"R.S,",ايرادات مبيعات المخزون السلعي,5,رئيسي,4111,=,الارباح والخسائر
4111010001,"R.S,",ايرادات مبيعات مخزون ......,6,فرعي,411101,=,الارباح والخسائر
412,"R.S,",ايرادات مرتبطة بالنشاط,3,رئيسي,41,=,الارباح والخسائر
4121,"R.S,",ايرادات عرضية,4,رئيسي,412,=,الارباح والخسائر
412101,"R.S,",ايرادات مشتريات الكميات المجانية,5,رئيسي,4121,=,الارباح والخسائر
4121010001,"R.S,",ايرادات الكميات المجانية مخزون ....,6,فرعي,412101,=,الارباح والخسائر
4121010002,"R.S,",تكلفة مردو مبيعات الكميات المجانية,6,فرعي,412101,=,الارباح والخسائر
412102,"R.S,",ايرادات الخصم المكتسب,5,رئيسي,4121,=,الارباح والخسائر
4121020001,"R.S,",الخصم المكتسب,6,فرعي,412102,=,الارباح والخسائر
413,"R.S,",ايرادات المبيعات المخزون الخدمي,3,رئيسي,41,=,الارباح والخسائر
42,"R.S,",ايرادات النشاط الاخرى,2,رئيسي,4,=,الارباح والخسائر
421,"R.S,",ايرادات اخرى ومتنوعة,3,رئيسي,42,=,الارباح والخسائر
4211,"R.S,",ايردات الاستثمارات,4,رئيسي,421,=,الارباح والخسائر
421101,"R.S,",ايرادات استثمارات مالية,5,رئيسي,4211,=,الارباح والخسائر
4211010001,"R.S,",ايرادات استثمارات مالية,6,فرعي,421101,=,الارباح والخسائر
4212,"R.S,",ايرادات متنوعة اخرى,4,رئيسي,421,=,الارباح والخسائر
421202,"R.S,",الايرادات المتنوعة,5,رئيسي,4212,=,الارباح والخسائر
4212020007,"R.S,",فائض الصناديق,6,فرعي,421202,=,الارباح والخسائر
4212020005,"R.S,",إيرادات رسمالية,6,فرعي,421202,=,الارباح والخسائر
4212020001,"R.S,",ارباح بيع اوارق مالية,6,فرعي,421202,=,الارباح والخسائر
4212020003,"R.S,",ايرادات عمولات,6,فرعي,421202,=,الارباح والخسائر
4212020008,"R.S,",ايراد غياب الموظف,6,فرعي,421202,=,الارباح والخسائر
4212020004,"R.S,",ايرادات بيع مخلفات,6,فرعي,421202,=,الارباح والخسائر
4212020002,"R.S,",ايرادات فروق عملة,6,فرعي,421202,=,الارباح والخسائر
4212020006,"R.S,",ايرادات ايجارات,6,فرعي,421202,=,الارباح والخسائر
