رقم المورد,اسم المورد,رقم حساب المورد,المدينه,الهاتف,الجوال,التوقيف,تاريخ التعامل,الرقم الضريبي,السجل التجاري,الارشفه,الرصيد
1,فرع شركة دار خولان 1,2111010001,,,,,,,,غير مؤرشف,33377103.64
10,شركة الرشيد  التجارية,2111010001,,,554335591,,,3.10276E+14,,غير مؤرشف,49035.16
1002,شركه دار الشاي العربي للتجارة-,2111010001,,,556602137,,,3.10429E+14,,غير مؤرشف,1743542.5
1004,شركة المستنير للتجارة الدولية المحدوده- جده,2111010001,,,538030144,,,3.10468E+14,,غير مؤرشف,681482.5
1006,مؤسسة دار خولان للتجارة - صنعاء - اليمن,2111010001,,,543509350,,,,,غير مؤرشف,
1007,شركة الذهب الاخضر للتجارة - الرياض,2111010001,,,500229773,,,3.10196E+14,,غير مؤرشف,1332666.89
1009,K A N Y A BUSINESS PLC,2111010001,,,,,,,,غير مؤرشف,0
1010,موسسة الممارس للتجارة - حى الديرة - الرياض,2111010001,,,,,,,,غير مؤرشف,0.03
1016,MIM AGRICHEM /MUNA FEJRUESA,2111010001,,,,,,,,غير مؤرشف,0
1017,شركة كندة الشاملة للاغذية المحدودة - جده,2111010001,,,,,,3.00551E+14,,غير مؤرشف,0
1018,موسسه ركن البهارات للتجاره,2111010001,,,,,,,,غير مؤرشف,
1019,مؤسسة الهيل الاخضر للتجارة  - جده,2111010001,,,564861702,,,3.1038E+14,,غير مؤرشف,0
11,...,2111010001,,,,موقف,,1,,غير مؤرشف,0
1103240,شركة اوغاريت كو للمواد الغذائية- جده,2111010001,,,534400143,,,3.10238E+14,,غير مؤرشف,424346.25
12,ــ,2111010001,,,,موقف,,,,غير مؤرشف,
13,ـــ,2111010001,,,9.66534E+11,موقف,,3.10086E+14,,غير مؤرشف,0
14,شركة العمرانية  للتجارة,2111010001,,8386665,504486888,,,3.113E+14,,غير مؤرشف,99547.5
15,ــــ,2111010001,,541299976,,موقف,,1,,غير مؤرشف,0
16,ــــــــ,2111010001,,,,موقف,,,,غير مؤرشف,0
17,ــــــــــ,2111010001,,4200292,509038701,موقف,,3.00516E+14,,غير مؤرشف,0
18,مصنع قهوه الشيوخ الاصليه,2111010001,,505550819,,,,3.11228E+14,,غير مؤرشف,199624.24
19,فرع شركة حسن بن علي الطوري للتجارة,2111010001,,,553349314,,,3.0111E+14,,غير مؤرشف,287040
2,مؤسسة الجزيرة للبخور واللبان,2111010001,,,,,,,,غير مؤرشف,
20,مؤسسة  ارض  الشاي  الذهبي  للمواد الغذائية,2111010001,,553000144,,,,,,غير مؤرشف,
21,ـــــــ,2111010001,,,,موقف,,,,غير مؤرشف,0
22,مؤسسة الادارة المتقنة التجارية - الرضوان,2111010001,,,,,,,,غير مؤرشف,0
220100201,ش,2111010001,,,,,,,,غير مؤرشف,
220100202,المخلص الجمركى / مؤسسة الراهى الدولى للتخليص الجمركى,2111010001,,,,,,3.02031E+14,,غير مؤرشف,32956.3
220100203,المخلص الجمركى / مكتب الانجاز للتخليص الجمركى,2111010001,,,,,,,,غير مؤرشف,
220100204,SUPRIYA CORN PRODUCTS,2111010001,,,,,,,,غير مؤرشف,0
220100205,مؤسسة عبد الله البراك للتخليص الجمركى الرياض,2111010001,,,,,,,,غير مؤرشف,4644.34
220100206,شركه البن اليمني للتجارة,2111010001,,,532458575,,,3.11011E+14,,غير مؤرشف,1840
220100207,ETHIOPIAN ELECTRONICS,2111010001,,,,,,,,غير مؤرشف,0
220100208,مؤسسة عروس الفرات التجارية,2111010001,,,,,,3.00479E+14,,غير مؤرشف,70
220100209,ALL SPICES TRADING,2111010001,,,,,,,,غير مؤرشف,0
220100210,NOMANBOY&SONS PTE LTD  ثمرة اوطان,2111010001,,,,,,,,غير مؤرشف,0
220100211,مؤسسة عبدالله بدر البدر للتجارة,2111010001,,568760097,,,,3.00061E+14,,غير مؤرشف,46195.72
220100212,شركة كلز للتبريد,2111010001,,,,,,3.00039E+14,,غير مؤرشف,0
220100213,مؤسسة احمد سالم محفوظ للتخليص الجمركي,2111010001,,,504612137,,,,,غير مؤرشف,0
220100214,مؤسسه مكتل للنقل والتخزين,2111010001,,,532439948,موقف,,3.11886E+14,,غير مؤرشف,0
220100215,مؤسسة هالات نجد,2111010001,,,582170757,,,3.02041E+14,,غير مؤرشف,2495
220100216,شركة توابل الامين للتجارة,2111010001,,,,,,3.11065E+14,,غير مؤرشف,0
220100217,مؤسسة سليمان ابراهيم العمر للتجارة,2111010001,,,503148454,,,3.10194E+14,,غير مؤرشف,163623.51
220100218,مؤسسة ابواب الموارد للتجارة,2111010001,,,,,,3.1096E+14,,غير مؤرشف,0
220100218,مؤسسة ابواب الموارد للتجارة,2111010001,,,,,,3.1096E+14,,غير مؤرشف,0
220100219,شركة النعمان اخوان العالمية,2111010001,,,531562464,,,3.10236E+14,,غير مؤرشف,371151.87
220100220,شركة عوافي التجارية,2111010001,,,568886181,,,3.10801E+14,,غير مؤرشف,0
220100221,شركة مصنع نايف سعيد الظاهري للتمور,2111010001,,,,,,3.10568E+14,,غير مؤرشف,0
220100222,مؤسسة الطعام الناهي للتجارة,2111010001,,,,,,3.10142E+14,,غير مؤرشف,0
220100223,شركة الفانوس الدولية المحدودة,2111010001,,537774927,,,,3.11078E+14,,غير مؤرشف,0
220100224,شركة سعيد باوزير التجارية,2111010001,,,505599834,,,,,غير مؤرشف,270
220100225,شركة بشريات الموسم للتجارية - الدمام,2111010001,,,550662388,,,3.11521E+14,,غير مؤرشف,0
220100226,مؤسسة مساعد عبد الرحمن  الزاحم التجارية,2111010001,,,,,,3.10321E+14,,غير مؤرشف,48.62
220100227,شركه علي سليمان الشهري للتجاره,2111010001,,,,,,3.10076E+14,,غير مؤرشف,0
220100228,NGO HOANG THU ARGRICULTURAL COMPANY CASHEW,2111010001,,,,,,,,غير مؤرشف,0
220100229,مؤسسة صالح علي الثنيان التجارية,2111010001,,,,,,3.0001E+14,,غير مؤرشف,0
220100230,مؤسسة البرك سالم العامري للتجارة,2111010001,,,,,,3.01129E+14,,غير مؤرشف,0
220100231,NAM INTERNATIONAL COMPANY CASSIA,2111010001,,,,,,,,غير مؤرشف,0
220100232,BE FATHIMA ENTERPRISES CARDAMOM  ثمرة اوطان,2111010001,,,,,,,,غير مؤرشف,0
220100233,MAHIR BROTHERS,2111010001,,,,,,,,غير مؤرشف,0
220100234,شركة  وادي الريف للتجارة شركة شخص واحد,2111010001,,,502741498,,,3.12088E+14,,غير مؤرشف,448875.18
220100235,شركة التعاملات للتجارة المحدوده,2111010001,,,,,,3.11019E+14,,غير مؤرشف,
220100236,رامي مبخوت الصيعرري,2111010001,,,,موقف,,3.1096E+14,,غير مؤرشف,0
220100237,LIEN THANH CORPORATION,2111010001,,,,,,,,غير مؤرشف,0
220100238,DR TRADING PLC,2111010001,,,,,,,,غير مؤرشف,0
220100239,مؤسسة نبتة طيبة للتجارة - جدة,2111010001,,,,,,3.10887E+14,,غير مؤرشف,0.01
220100240,ZHAOQING CHANGXIN IMPORT AND EXPORT   ثمرة اوطان,2111010001,,,,,,,,غير مؤرشف,0
220100241,شركة ذوق للتجارة,2111010001,,,558250622,,,3.00276E+14,,غير مؤرشف,11736.75
220100242,شركة قهوة العميد  الاصلية التجارية,2111010001,,,502323143,,,3.11251E+14,,غير مؤرشف,0
220100243,SINH LOC PHAT CORPORATION ثمرة اوطان,2111010001,,,,,,,,غير مؤرشف,0
220100244,واجهة سماء التجارية,2111010001,,,,,,3.11227E+14,,غير مؤرشف,390.38
220100245,PT GAVA PENINSULA ASIAC,2111010001,,,,,,,,غير مؤرشف,0.38
220100246,امدادت الاغذية  للتجارة رامي مبخوت الصيعري,2111010001,,,550301842,,,3.11238E+14,,غير مؤرشف,730633.99
220100247,ANENE TRADING PLC,2111010001,,,,,,,,غير مؤرشف,
220100248,شركة بهار العرب للقهوة,2111010001,,,535434327,,,3.11166E+13,,غير مؤرشف,8464.58
220100249,GREENBZ INVESTMENT PLC,2111010001,,,,,,,,غير مؤرشف,0
220100250,DESAI AND CO PTE LTD ثمرة اوطان,2111010001,,,,,,,,غير مؤرشف,0
220100251,HAWETU VETERINARY DRUGS IMPORTER,2111010001,,,,,,,,غير مؤرشف,0
220100252,شركة صناعة الاغذية والعجائن الفاخرة السنبلة,2111010001,,,542543299,,,3.00158E+13,,غير مؤرشف,0
220100253,شركة ربوع الحجاز للمواد الغذائية,2111010001,,,,,,3.11306E+14,,غير مؤرشف,0
220100254,QIUBEI YUNNONG AGRO PRODUCTS CO LTD ثمرة اوطان,2111010001,,,,,,,,غير مؤرشف,68388.48
220100255,مؤسسة ميسان للتخليص الجمركي,2111010001,,,,,,3.02186E+14,,غير مؤرشف,0
220100256,شركة رغد الشام للمكسرات,2111010001,,,564690458,,,3.11254E+14,,غير مؤرشف,10608.75
220100257,FEANOL COFFEE TRADING PLC,2111010001,,,,,,,,غير مؤرشف,0
220100257,FEANOL COFFEE TRADING PLC,2111010001,,,,,,,,غير مؤرشف,0
220100258,YIHALEM AZMERAW BEKELE,2111010001,,,,,,,,غير مؤرشف,0
220100259,شركة التنوع الذكي للتجارة,2111010001,,,,,,3.00637E+14,,غير مؤرشف,3019.96
220100260,شركة ناصر محمد العبيد للتجارة,2111010001,,,,,,3.10828E+14,,غير مؤرشف,1613.27
220100261,مصنع شركة ريتاج الغلا,2111010001,,,539036488,,,3.02002E+14,,غير مؤرشف,8.78
220100262,شركة شموع الماضي,2111010001,,,558035575,,,3.007E+14,,غير مؤرشف,3184.91
220100263,مزاج كيف الشايب-التجارية,2111010001,,553991145,,,,3.11485E+14,,غير مؤرشف,10489.08
220100264,موسسة الكويت التجاريه,2111010001,,,,,,,,غير مؤرشف,
220100265,مؤسسة شاي الجمر,2111010001,,,,,,3.02218E+14,,غير مؤرشف,4255
220100266,شركة الغذاء العالمي للصناعات الغذائية,2111010001,,,,,,3.1151E+14,,غير مؤرشف,0
220100267,ARKEN GENERAL TRADING PLC,2111010001,,,,,,,,غير مؤرشف,0
220100268,شركة خالد الخماش للصناعه,2111010001,,,551559952,,,3.10827E+14,,غير مؤرشف,0.03
220100269,شركة نخلة البراري التجارية,2111010001,,,,,,3.10836E+14,,غير مؤرشف,7717.61
220100270,شركة المملكة للصناعات الغذائية المحدوده,2111010001,,,,,,3.00811E+14,,غير مؤرشف,0
220100271,بوابه الريف التجاريه,2111010001,,,,,,3.10077E+14,,غير مؤرشف,
220100272,مؤسسة احمد بن عبدالرب بن احمد المهري,2111010001,,,534588474,,,3.10347E+14,,غير مؤرشف,0
220100273,شركة النافع للاغذية,2111010001,,,504219402,,,3.01116E+14,,غير مؤرشف,0.9
220100274,شركة وسام فطايرجي التجارية,2111010001,,,,,,3.10863E+14,,غير مؤرشف,1
220100275,شركة الفاخر فود للتجارة,2111010001,,,559452088,,,3.11263E+14,,غير مؤرشف,142059.25
220100276,شركه ديار الفلاح التجاريه جده,2111010001,,,505871022,,,,,غير مؤرشف,0
220100277,شركة بيت الضيافة,2111010001,,535393471,,,,3.14523E+14,,غير مؤرشف,101509.35
220100278,AL TEHET INDUSTERIAL P L C,2111010001,,,,,,,,غير مؤرشف,0
220100279,مؤسسة صافي الخير للتجارة,2111010001,,,,,,3.10929E+14,,غير مؤرشف,393804.84
220100280,فهد للتجارة// موقف,2111010001,,548962100,,موقف,,3.00991E+15,,غير مؤرشف,0
220100281,موسسة المنهالي للتجاره ى,2111010001,,,,,,3.1096E+14,,غير مؤرشف,
220100282,مصنع سنابل الشهد,2111010001,,,,,,3.01251E+14,,غير مؤرشف,0
220100283,موسسة منابع البن,2111010001,,,530789810,,,3.1041E+14,,غير مؤرشف,4631718.5
220100284,موسسة عبدالعزيز سليمان الشبرمي للمواد الغذائية,2111010001,,,,موقف,,3.0044E+14,,غير مؤرشف,0
220100285,MONTE DE ORO SA ثمرة اوطان,2111010001,,,,,,,,غير مؤرشف,0
220100286,مؤسسة اصول الخيرات للتجارة,2111010001,,,,,,,,غير مؤرشف,0.01
220100287,شركةمحمد الطويان للتخليص الجمركي,2111010001,,,,,,3.11297E+14,,غير مؤرشف,0
220100288,BEZANEH GIRMA SIME COFFEE EXPORTE,2111010001,,,,,,,,غير مؤرشف,0
220100289,ADAMA  INTERNATIONAL TRADING,2111010001,,,,,,,,غير مؤرشف,0
220100290,شركة تبدير المحدوده,2111010001,,,,,,3.10345E+14,,غير مؤرشف,0
220100291,موسسة وادي الخيرات التجاريه,2111010001,,,,,,3.02274E+14,,غير مؤرشف,0
220100292,مؤسسة شاي نيروز للتجارة,2111010001,,,558804405,,,3.0215E+14,,غير مؤرشف,0
220100293,شركة عميد الكيف -التعمير,2111010001,,,502032897,,,3.11322E+14,,غير مؤرشف,584142.5
220100294,BERFREI TRADING PLC,2111010001,,,,,,,,غير مؤرشف,0
220100295,شركة مجد المعالي,2111010001,,,,,,3.10137E+14,,غير مؤرشف,5.25
220100296,مؤسسة حلا الصفوة التجاريه,2111010001,,,,,,,,غير مؤرشف,0
220100297,خيوط الزعفران,2111010001,,,564908688,,,3.10167E+14,,غير مؤرشف,6173.3
220100298,MOTA IDUSTRIES,2111010001,,,,,,,,غير مؤرشف,0
220100299,مصنع حلا ندى للصناعة ( معمول ),2111010001,,,,,,3.00454E+14,,غير مؤرشف,3236.03
2201003,مؤسسة فصول العالمية للتجارة,2111010001,,,536842488,,,3.10522E+14,,غير مؤرشف,0
220100300,موسسة درة ريتاج للتجاره,2111010001,,,,,,3.00946E+14,,غير مؤرشف,0
220100300,موسسة درة ريتاج للتجاره,2111010001,,,,,,3.00946E+14,,غير مؤرشف,0
220100301,مصنع اشرف صالح الدعزاز,2111010001,,,553619438,,,3.00485E+14,,غير مؤرشف,0.6
220100302,شركة بن خميس العالمية للتجارة (حلويات),2111010001,,552284675,,,,3.10807E+14,,غير مؤرشف,6343.8
220100303,السبيعي للحلويات,2111010001,,,,,,3.11285E+14,,غير مؤرشف,0.5
220100304,خطوط الافكار,2111010001,,,,,,3.11255E+14,,غير مؤرشف,0
220100305,CONG HING COMPANY LIMITED VIETNAM CASHEW,2111010001,,,,,,,,غير مؤرشف,0
220100306,مؤسسة عبدالله سالم العوبثاني,2111010001,,,,,,3.02209E+14,,غير مؤرشف,0.25
220100307,مؤسسة جينا للتجاره,2111010001,,,,,,3.10563E+14,,غير مؤرشف,0
220100308,شركة مصنع نعيم الغذاء للحلويات,2111010001,,,,,,3.11157E+14,,غير مؤرشف,0
220100309,ON TAK LUNG OVERSEAS LTD ثمرة اوطان,2111010001,,,,,,,,غير مؤرشف,0
220100310,TADKOB PLC,2111010001,,,,,,,,غير مؤرشف,0
220100311,BOTTGER FOOD INGREDIENTS GMBH GERMANY,2111010001,,+49 30 889 139 3,,,,,,غير مؤرشف,143908.13
220100312,موسسه قافله التوريد للتجاره,2111010001,,,533507619,,,3.11309E+14,,غير مؤرشف,0
220100313,BAHALWAN INTERNATIONAL TRADING LLC,2111010001,,,,,,,,غير مؤرشف,0
220100314,مصنع بلدة للصناعة - معمول وكليجا,2111010001,,,,,,3.0077E+15,,غير مؤرشف,2012.5
220100315,مؤسسة الثمالي التجاريه,2111010001,,,,,,3.01068E+14,,غير مؤرشف,927.88
220100316,شركة ركن الموردون التجارية ش.ش.و,2111010001,,,,,,3.10809E+14,,غير مؤرشف,0
220100317,شركه كيف الجنوب التجاريه,2111010001,,,,,,3.10858E+14,,غير مؤرشف,0
220100318,شركة احمد محمد صالح باعشن وشركاه,2111010001,,,567604738,,,3.0019E+14,,غير مؤرشف,781.24
220100319,شركة رياحين دمشق للتجارة,2111010001,,,506980810,,,3.11332E+14,,غير مؤرشف,330990.8
220100320,مؤسسة شاي وسكر التجارية,2111010001,,,593320305,,,3.02229E+14,,غير مؤرشف,125.94
220100321,GENERALEXIM JSCO,2111010001,,,,,,,,غير مؤرشف,0
220100322,SNAB TRADING AND INDUSTRY PLC,2111010001,,,,,,,,غير مؤرشف,0
220100323,NEW FLOWER GENERAL TRADING PLC,2111010001,,,,,,,,غير مؤرشف,0
220100324,شركة النسر الساطع للتجاره,2111010001,,,536200057,,,3.11523E+14,,غير مؤرشف,1484394.65
220100325,شركة اسرار المدينه  للتجاره,2111010001,,,,,,3.11206E+14,,غير مؤرشف,365.3
220100326,شركة نسمات الندى للتجارة للحلويات والمواد الغذائية,2111010001,,,,,,3.11129E+14,,غير مؤرشف,
220100327,شركة امتياز الجزيره,2111010001,,,,,,3.10684E+14,,غير مؤرشف,0
220100328,شركة مولى الدويلة للتجارة (كرمبو),2111010001,,,,,,3.0013E+14,,غير مؤرشف,
220100329,موسسة السرمد للتجاره,2111010001,,,531498451,,,3.11438E+14,,غير مؤرشف,0.25
220100330,شركة وداي نجد  التجارية,2111010001,,,,,,3.10384E+14,,غير مؤرشف,
220100331,شركة لانا الوطنية للطباعة,2111010001,,,,,,3.01166E+14,,غير مؤرشف,90271.6
220100332,شركة اطايب ديرتي (حلويات),2111010001,,,,,,3.02004E+14,,غير مؤرشف,5677.55
220100333,شركة اعناب دانية التجارية,2111010001,,,,,,3.10095E+14,,غير مؤرشف,0
220100334,CV AGRO MEGA,2111010001,,,,,,,,غير مؤرشف,0
220100335,فرع شركة مصنع نجوم اطلس,2111010001,,,,,,3.11111E+14,,غير مؤرشف,0
220100336,شركة كرم الخيل للتمور,2111010001,,,547145213,,,3.11004E+14,,غير مؤرشف,0
220100337,ARAR TRADING COMPANY LLC,2111010001,,,,,,,,غير مؤرشف,0
220100338,RAJAB FOODSTUFF TRADING CO LLC,2111010001,,,,,,,,غير مؤرشف,0
220100339,المخلص الجمركي / مؤسسة بندر العنزي للتخليص الجمركي,2111010001,,,,,,,,غير مؤرشف,0
220100339,المخلص الجمركي / مؤسسة بندر العنزي للتخليص الجمركي,2111010001,,,,,,,,غير مؤرشف,0
220100340,شركة استرا للحبوب المحدودة,2111010001,,,564700486,,,3.10156E+14,,غير مؤرشف,2.51
220100341,AMG COFFEE EXPORT OROMIA,2111010001,,,,,,,,غير مؤرشف,0
220100342,مصنع المذاق الحجازي,2111010001,,,,,,3.11278E+14,,غير مؤرشف,0.13
220100343,شركة روض الخزامي للتجارة,2111010001,,,,,,3.1128E+14,,غير مؤرشف,0
220100344,شركة سلطان حمدي المطيري . مصنع بيدو الخليج( حلويات),2111010001,,,,,,3.01023E+14,,غير مؤرشف,1092.49
220100345,INCI BULGUR SAN VE TIC,2111010001,,,,,,,,غير مؤرشف,0
220100346,ARCH VIEW COMPANY,2111010001,,,,,,3.11263E+14,,غير مؤرشف,
220100347,شركة اسواق العثيم,2111010001,,,,,,3.00057E+14,,غير مؤرشف,0
220100348,شركة سنا للكهرباء والهاتف,2111010001,,,,,,,,غير مؤرشف,
220100349,اسطول القهوه الدولي عتيقه - تم التغيير الى 220100683 --موقف,2111010001,,,,,,3.0003E+14,,غير مؤرشف,8719.96
220100350,مخازن صندوق الكيف,2111010001,,,,,,3.10472E+14,,غير مؤرشف,
220100351,شركة كيف العروبة  الديره,2111010001,,,554783764,,,3.11335E+14,,غير مؤرشف,34357.4
220100352,شركة محمد  رشيد  الرشيد للتجارة,2111010001,,554335591,,,,3.10792E+14,,غير مؤرشف,0
220100353,شركة تسويق الفحم  العربية للتجارة,2111010001,,,,,,3.10452E+14,,غير مؤرشف,0.01
220100354,شركة وطيد للاستثمار,2111010001,,559648692,581753002,موقف,,3.11248E+14,,غير مؤرشف,0
220100355,مؤسسة بهارات السعودية -بن منقاش,2111010001,,,502667396,,,3.00938E+14,,غير مؤرشف,18547.2
220100356,سخيم اليمن,2111010001,,,,,,,,غير مؤرشف,458218.84
220100357,شركة السلوى واخوان للتجارة,2111010001,,,,,,3.1113E+14,,غير مؤرشف,0
220100358,ALBAR TRADING,2111010001,,,,,,,,غير مؤرشف,3780
220100359,شركة ابتكار الرؤية,2111010001,,,,,,3.11268E+14,,غير مؤرشف,2.1
220100360,مؤسسة حميلة احمد خبراني للمقاولات العامة,2111010001,,,,,,,,غير مؤرشف,
220100361,شركه اصول الاغذيه جده,2111010001,,,122680020,,,3.10881E+14,,غير مؤرشف,0
220100362,مجموعة عبدالرحمن صالح السنيدي التجارية,2111010001,,,580971319,موقف,,3.01178E+14,,غير مؤرشف,0.18
220100363,مؤسسة امتياز نجد للتجارة,2111010001,,,,,,3.00732E+14,,غير مؤرشف,0
220100364,مؤسسة خوافق للتجارة ( عطور وعود ),2111010001,,,,,,3.0048E+14,,غير مؤرشف,0
220100365,مؤسسة عبد العزيز صالح الحصان,2111010001,,593320305,,,,3.01074E+14,,غير مؤرشف,39387.25
220100366,شركة المصمك للصناعات الغذائية,2111010001,,,553580883,,,3.10858E+14,,غير مؤرشف,70807.8
220100367,مؤسسة قصر لذائذ للحلويات,2111010001,,566503827,,,,3.10592E+14,,غير مؤرشف,326.35
220100368,شركة الركن اليمني للتجارة,2111010001,,552648825,,,,3.10884E+14,,غير مؤرشف,49680
220100369,رغيفة (معمول),2111010001,,,,,,3.00271E+14,,غير مؤرشف,3670.48
220100370,شركة سقطرى التجارية,2111010001,,,,,,3.11248E+14,,غير مؤرشف,25829
220100371,مؤسسة مصادر الاغذية التجارية,2111010001,,,,,,3.10045E+14,,غير مؤرشف,0
220100372,مصنع اطياب البوادي للتمور,2111010001,,,,,,3.0052E+14,,غير مؤرشف,0.18
220100373,ELYAS JEBEL IBNU TRADE COFFEE EXPORT,2111010001,,,,,,,,غير مؤرشف,0
220100374,شركة قاسم المتحدة التجارية,2111010001,,,553118812,,,3.11572E+14,,غير مؤرشف,4201.5
220100375,مؤسسة بيت المكسرات الجديد هشام حمزة يوسف,2111010001,,,,,,3.10605E+14,,غير مؤرشف,0
220100376,مؤسسة العروبة المصرية للتجارة,2111010001,,,,,,3.00367E+14,,غير مؤرشف,0
220100377,مؤسسة بهارات حواج التجارية,2111010001,,,,,,3.10133E+14,,غير مؤرشف,0.62
220100378,مؤسسة ريادة الكيف للتجارة,2111010001,,,,,,3.10347E+14,,غير مؤرشف,0
220100379,شركة مكسرات الذواقة التجارية,2111010001,,,558533466,,,3.11049E+14,,غير مؤرشف,0
220100380,شركة الشنواني للتجارة,2111010001,,,510758595,,,3.0027E+14,,غير مؤرشف,0
220100381,مؤسسة اهل التنور للحلويات,2111010001,,,,,,3.11183E+14,,غير مؤرشف,0
220100381,مؤسسة اهل التنور للحلويات,2111010001,,,,,,3.11183E+14,,غير مؤرشف,0
220100382,مخبز نورشيلا للحلويات,2111010001,,565566576,,,,3.10081E+14,,غير مؤرشف,0.83
220100383,شركة اسرار البراري التجارية,2111010001,,573019618,,,,3.11726E+14,,غير مؤرشف,8.66
220100384,مؤسسة درة الحصاد للتجارة,2111010001,,,,,,3.11194E+15,,غير مؤرشف,0
220100385,مؤسسة عبدالاله محمد يونس النعيمي التجارية,2111010001,,,,,,3.10848E+14,,غير مؤرشف,
220100386,مؤسسة مذاق الكويت التجارية,2111010001,,510299717,,,,3.11147E+14,,غير مؤرشف,0.34
220100387,مؤسسة قلب التميز للتجارة,2111010001,,,,,,3.1019E+14,,غير مؤرشف,
220100388,شركة البهار للتجارة,2111010001,,,,,,3.11372E+14,,غير مؤرشف,
220100389,مؤسسة ضيف الله احمد شغيب الشهري,2111010001,,,,,,3.00814E+15,,غير مؤرشف,0
220100390,مصنع دهني الامارت العربية للتعبئة,2111010001,,,,,,3.10396E+14,,غير مؤرشف,0
220100391,مؤسسة عالم الاختين للمياة والمشروبات,2111010001,,,,,,3.11392E+14,,غير مؤرشف,
220100392,شركة النظام الاساسي للتجارة العامة دبي,2111010001,,,,,,,,غير مؤرشف,0
220100393,LORD FRUITS LLC,2111010001,,,,,,,,غير مؤرشف,0
220100394,مؤسسة عبد الكريم ابراهيم الاحيوي لتجارة الاغذية,2111010001,,,,,,3.10254E+14,,غير مؤرشف,0
220100395,شركة قصر العماد التجارية,2111010001,,,,,,3.11262E+14,,غير مؤرشف,0
220100396,SHAMS AL ZAAFARAN GENERAL TRADING LLC,2111010001,,,,,,,,غير مؤرشف,
220100397,JAMSHID RAMIN FOODSTUFF TRADING,2111010001,,,,,,,,غير مؤرشف,0
220100398,شركة المراعي,2111010001,,,,,,3.00055E+14,,غير مؤرشف,562.59
220100399,شركة المصنع السعودي للايس كريم المحدودة,2111010001,,,,,,3.00161E+14,,غير مؤرشف,0.85
220100400,سلسلة حلا,2111010001,,554857561,,,,3.11991E+14,,غير مؤرشف,1927.4
220100401,MIAWA IMPORT AND EXPORT PLC,2111010001,,,,,,,,غير مؤرشف,0
220100402,شركه تاج البن اليمني,2111010001,,545581071,538994392,,,3.11125E+14,,غير مؤرشف,31033.39
220100403,مؤسسة اذواق العالمية للتجارة,2111010001,,,96650058455,,,3.0029E+14,,غير مؤرشف,0
220100404,K S  AGRO IMPEX,2111010001,,,,,,,,غير مؤرشف,0
220100405,شركة الخبرات الاولي محاسبون ومراجعون قانونيون,2111010001,,,,,,,,غير مؤرشف,17608.7
220100406,شركه عبد العزيز ومنصور ابراهيم البا بطين,2111010001,,,567278407,,,3.00368E+14,,غير مؤرشف,356.94
220100407,مصنع عبدالله عبدالعزيز بن طالب للمنتجات الغذائية,2111010001,,,,,,3.00062E+14,,غير مؤرشف,1040.67
220100408,مؤسسة وردة الحلويات للتجارة,2111010001,,536749093,,,,3.10065E+14,,غير مؤرشف,0.79
220100409,شركة مصنع اس باك للبلاستيك,2111010001,,,550060990,,,3.11002E+14,,غير مؤرشف,0.01
220100410,شركة قمة الماركات العربية للتجارة,2111010001,,,,,,3.10781E+14,,غير مؤرشف,2.65
220100411,شركة ثرى الرياض للتجارة,2111010001,,,,,,3.111E+14,,غير مؤرشف,1.27
220100412,CHINAKSEN IMPORT AND EXPORT,2111010001,,,,,,,,غير مؤرشف,1298419.2
220100413,موسسه ثمار الغاب للتجاره,2111010001,,,,,,3.10307E+14,,غير مؤرشف,0.5
220100414,شركة تضامن البركة للتجارة,2111010001,,,,,,3.11316E+14,,غير مؤرشف,0.78
220100415,محمصة نورة,2111010001,,,,,,3.10408E+14,,غير مؤرشف,0
220100416,شركة الحلوى الراقية,2111010001,,,,,,3.11505E+14,,غير مؤرشف,0
220100417,الشركة السعودية للمأكولات الخفيفة المحدودة - بيبسيكو,2111010001,,,,,,3.00057E+14,,غير مؤرشف,0.45
220100418,مؤسسة معالم البخور للعطور,2111010001,,,548524728,,,3.1113E+14,,غير مؤرشف,53279.03
220100419,مؤسسة ركن رزق,2111010001,,,,,,3.10985E+14,,غير مؤرشف,1
220100420,مؤسسة قمحي لخدمات الاعاشة,2111010001,,509788184,,,,3.02159E+14,,غير مؤرشف,0.25
220100421,شركة ياسمين العالم للتجــارة,2111010001,,,502877796,,,3.11325E+14,,غير مؤرشف,890953.4
220100422,محامص كيف السعودي للقهوة,2111010001,,,,,,3.02098E+14,,غير مؤرشف,0.55
220100423,مؤسسة روائع القصيم ( مضير ),2111010001,,,,,,3.10822E+14,,غير مؤرشف,
220100423,مؤسسة روائع القصيم ( مضير ),2111010001,,,,,,3.10822E+14,,غير مؤرشف,
220100424,شركة  شوكولاته نور  للحلويات شركة شخص واحد,2111010001,,,,,,3.11071E+14,,غير مؤرشف,2588
220100425,شركة باجة للصناعات الغذائية,2111010001,,,590991485,,,3.10095E+14,,غير مؤرشف,0.35
220100426,BHAGWATI LACTO VEGETRIAN EXPORT,2111010001,,,,,,,,غير مؤرشف,0
220100427, مؤسسة زهرة الكوثر للتجارة ( حلويات ),2111010001,,,,,,3.1017E+14,,غير مؤرشف,2500.04
220100428,شركة ثمار الجبل التجارية,2111010001,,,,,,3.11819E+14,,غير مؤرشف,
220100429,شركةة عبد العزيز بن عبدالله المهنا للتجارة,2111010001,,,,,,3.02008E+14,,غير مؤرشف,0
220100430,شركة حلويات التميز التجارية,2111010001,,,,,,3.11253E+14,,غير مؤرشف,
220100431,كنان العالمي للتجارة,2111010001,,,,,,3.10576E+14,,غير مؤرشف,
220100432,شركة فوح الكيف التجارية,2111010001,,,,,,3.11528E+14,,غير مؤرشف,5951.25
220100433,الشركة الوطنية للتنمية الزراعية (نادك),2111010001,,,,,,3.00056E+14,,غير مؤرشف,0.86
220100434,شركة لتين التجارية,2111010001,,,,,,3.10917E+14,,غير مؤرشف,131.43
220100435,شركة تموين الشرق للتجارة,2111010001,,,,,,3.0017E+14,,غير مؤرشف,
220100436,شركة خيرات التنمية,2111010001,,,,,,3.11394E+14,,غير مؤرشف,0.2
220100437,شركة النملة وشركاه للتجارة والخدمات,2111010001,,,510165002,,,3.00179E+14,,غير مؤرشف,0.2
220100438,EASAY TRADING FZCO,2111010001,,,,,,,,غير مؤرشف,222783.35
220100439,شركة بيت المرجان للصناعه,2111010001,,,,,,3.11643E+14,,غير مؤرشف,
220100440,شركة فايا للحلويات,2111010001,,,,,,3.02002E+14,,غير مؤرشف,170.83
220100441,شركة عذب للمياة,2111010001,,,,,,3.00915E+14,,غير مؤرشف,
220100442,CHANAEL TRADING PLC,2111010001,,,,,,,,غير مؤرشف,0
220100443,شركة سيد الخبازين السعودية المحدودة,2111010001,,,,,,3.00463E+14,,غير مؤرشف,0.14
220100444,شركة اسرار العروبة,2111010001,,,,,,3.00951E+14,,غير مؤرشف,14026.41
220100445,مؤسسة حلا ندى,2111010001,,,,,,3.11991E+14,,غير مؤرشف,
220100446,مؤسسة هيام محمد هزازي ( كرمبو ),2111010001,,,,,,3.11041E+14,,غير مؤرشف,
220100447,مؤسسة انصاف الغذاء للتجـــــاره,2111010001,,,563516668,,,3.11388E+14,,غير مؤرشف,0.25
220100448,شركة زمرد  القاهرة للتجارة,2111010001,,,,,,3.12368E+14,,غير مؤرشف,0
220100449,مصنع القصيم للأغذية (معمول ),2111010001,,,,موقف,,3.00547E+14,,غير مؤرشف,
220100450,مجموعة وافر العالمية للتجارة,2111010001,,,,,,3.00382E+14,,غير مؤرشف,
220100451,شركة مها احمد الجفالي لتسويق المواد الغذائية ومشاركوها (غندور),2111010001,,,,,,3.12317E+14,,غير مؤرشف,0.43
220100452,مؤسسة ندى سعد علي السبيعي للاجهزة الالكترونية,2111010001,,,507346898,,,3.10265E+14,,غير مؤرشف,0
220100453,حلويات حلا وهنا,2111010001,,,,,,3.11115E+14,,غير مؤرشف,
220100454,شركة الهدى المتطورة للتجارة,2111010001,,,,,,3.11205E+14,,غير مؤرشف,10980.5
220100455,مؤسسة هيلة عليان العمر التجارية,2111010001,,,,,,3.00813E+14,,غير مؤرشف,0
220100456,KIRBY CONTRACTING COMPANY كيربي,2111010001,الرياض,,9.66113E+11,,,3.00043E+14,,غير مؤرشف,
220100457,مؤسسة عين الرواد لتجارة المواد الغذائية,2111010001,,,,,,3.00447E+14,,غير مؤرشف,0.68
220100458,مؤسسة نيوم التجارية,2111010001,,,,,,3.1019E+14,,غير مؤرشف,0
220100459,رياحين فود للتجارة,2111010001,,,506980810,موقف,,3.11332E+14,,غير مؤرشف,0
220100460,شركة تيسير التجارية,2111010001,,,,,,3.10463E+14,,غير مؤرشف,43.7
220100461,شركة قمة الجوهرة للتجارة,2111010001,,,,,,3.11339E+14,,غير مؤرشف,0
220100462,مخابز روح المدينة الاتوماتيكية (شابورة المدينة),2111010001,,,,,,3.02182E+14,,غير مؤرشف,601.3
220100463,شركة توابل المجد الدولية  للتجارة - جدة,2111010001,,,,,,3.11228E+14,,غير مؤرشف,50307.9
220100464,مؤسسة ريان سليمان المعيبيد الحربي للتجارة,2111010001,,,,,,3.12119E+14,,غير مؤرشف,0
220100465,مصنع دلباء للمنتجات الاسمنتيه,2111010001,,,,,,3.10241E+13,,غير مؤرشف,0.01
220100466,مؤسسة كل العالم التجارية,2111010001,,,,,,3.10777E+14,,غير مؤرشف,
220100466,مؤسسة كل العالم التجارية,2111010001,,,,,,3.10777E+14,,غير مؤرشف,
220100467,شركة الدريس للمحروقات - واعي,2111010001,,,,,,3.00056E+14,,غير مؤرشف,0
220100468,محل فاطم احمد محمد حدادي للحلويات والمكسرات,2111010001,,,,,,3.00816E+14,,غير مؤرشف,
220100469,شركة الخليج الاول للنقليات والخدمات اللوجستية شركة شخص واحد - مخلص جمركي,2111010001,,,,,,3.10461E+14,,غير مؤرشف,14077.65
220100470, مؤسسة البواكير التجارية,2111010001,,,,,,3.1256E+14,,غير مؤرشف,13146.33
220100471,شمس الزعفران,2111010001,,,559999310,,,,,غير مؤرشف,
220100472,مؤسسة قهوة المرجان التجارية,2111010001,,,,,,3.02023E+14,,غير مؤرشف,0.04
220100473,خير الله عطا الله,2111010001,,,,,,3.12266E+14,,غير مؤرشف,0
220100474, مؤسسة توابل الغذائية,2111010001,,,,,,3.101E+14,,غير مؤرشف,9869.55
220100475,مؤسسة لبان ومر للتجارة,2111010001,,,,,,3.00439E+14,,غير مؤرشف,0
220100476,نكست جينيريشن لتجارة المواد الغذائية ش.ذ.م.م دبي,2111010001,,,,,,,,غير مؤرشف,0
220100477,مؤسسة عبدالله سالم باخشوين للتجارة,2111010001,الرياض,,9.66505E+11,,,3.00038E+14,,غير مؤرشف,0
220100478,مؤسسة مكسرات الراقية الحديثة التجارية,2111010001,,,,,,3.10301E+14,,غير مؤرشف,0
220100479,شركة محمد مبارك المسعودي للتجاره شركة شخص واحد,2111010001,,,,,,3.11783E+14,,غير مؤرشف,25048.76
220100480,شركة صناع الاغذية,2111010001,,,560728439,موقف,,3.0017E+14,,غير مؤرشف,0
220100481,مؤسسة بئر غرس للتجارة,2111010001,,,,,,3.02214E+14,,غير مؤرشف,560.01
220100482,شركة معالي الجزيرة للمواد الغذائية,2111010001,,,,,,3.11296E+14,,غير مؤرشف,0
220100483,شركة سلة التوابل للتجارة,2111010001,,570489202,,,,3.12515E+14,,غير مؤرشف,886002.09
220100484,مؤسسة جوفال للتجارة - سعد عبدالعزيز سعود الحمد,2111010001,,592120089,,,,3.10151E+14,,غير مؤرشف,0
220100485,KEBIR TRADING PLC,2111010001,,,930077604,,,,,غير مؤرشف,0
220100486,DALIAN JIAHONG BROTHERS INTERNATIONAL TRADING COMPANY LTD,2111010001,,,(86411)66866222,,,,,غير مؤرشف,136153.68
220100487,مؤسسة رزقنا التجارية عام 2024,2111010001,,,,,,3.11198E+14,,غير مؤرشف,0
220100488,شركة خالد احمد بن جحلان التجارية,2111010001,,,,,,3.11352E+14,,غير مؤرشف,0.5
220100489,شركة بنسوفي الغربية للتجارة,2111010001,,,,,,3.11362E+14,,غير مؤرشف,
220100490,مؤسسة جمشيد رامين للمواد الغذائية,2111010001,,,595142142,,,3.10422E+14,,غير مؤرشف,49875
220100491,شركة رؤى الشرق للمقاولات شخص واحد,2111010001,,,541055250,,,3.11735E+14,,غير مؤرشف,0
220100492,WUZHOU JUFENG CASSIA AND SPICES MANUFACTORY,2111010001,,,,,,,,غير مؤرشف,18484.44
220100493,شركة معمول دريم للصناعه,2111010001,,,,,,3.10898E+14,,غير مؤرشف,0
220100494, مؤسسة جملة الزعفران التجارية,2111010001,,,,,,3.11333E+14,,غير مؤرشف,2156.25
220100495,سامجا للتجارة العامة ش.ذ.م.م,2111010001,,,,,,,,غير مؤرشف,0
220100496,مؤسسة الوطن للتكييف والتبريد,2111010001,,,545611007,,,3.10541E+14,,غير مؤرشف,0.13
220100497,شركة الطريف الدولية للاستثمار ( معمول ),2111010001,,,,,,3.00547E+14,,غير مؤرشف,0.13
220100498,شركة زهرة الروابي لبيض المائدة للتجارة,2111010001,,,,,,3.11874E+14,,غير مؤرشف,0
220100499,شركة بلاديس العربية للصناعات الغذائية,2111010001,,,560728439,,,3.0017E+14,,غير مؤرشف,0.61
2201005,THEPPAM EAST BAZAAR,2111010001,,,,,,,,غير مؤرشف,
220100500,شركة الراشد للصناعة,2111010001,,,,,,3.00348E+14,,غير مؤرشف,5416.55
220100501,مؤسسة نهر ريفا للتجارة,2111010001,,,,,,3.10054E+14,,غير مؤرشف,0.13
220100502,شركة صناعات الاغذية المتحدة المحدوده,2111010001,,,,,,3.00055E+14,,غير مؤرشف,39.22
220100503,شركة عبدالله بن طالب لبرك السباحه,2111010001,,,,,,3.00048E+14,,غير مؤرشف,
220100504,مؤسسة العملاق الحديدية للتجارة,2111010001,,,,,,3.10637E+14,,غير مؤرشف,0
220100505,SMT CASHEW IMPORT - EXPORT CO..LTD,2111010001,,,,,,,,غير مؤرشف,0
220100505,SMT CASHEW IMPORT - EXPORT CO..LTD,2111010001,,,,,,,,غير مؤرشف,0
220100506,برستيج لتحميص المكسرات ش.ذ.م.م,2111010001,,,,,,,,غير مؤرشف,52.12
220100507,شركة مصاعد اطلس للتجارة العامة والمقاولات,2111010001,,,,,,3.00182E+14,,غير مؤرشف,0.1
220100508,عبداللطيف جميل للسيارات,2111010001,,,,,,3.10117E+14,,غير مؤرشف,1495
220100509,شركة الزنبقة الذهبية للتجارة,2111010001,,,,,,3.12061E+14,,غير مؤرشف,140824.5
220100510,شركة ريحان الخليج التجارية شخص واحد,2111010001,,,,,,3.11562E+14,,غير مؤرشف,8
220100511,شركة ارك فيو للاستشارات المهنية,2111010001,,,112790997,,,3.11263E+14,,غير مؤرشف,0
220100512,مؤسسة درة كنوز القصيم لتجارة الجملة والتجزئة,2111010001,,,,,,3.10211E+14,,غير مؤرشف,0.1
220100513,شركة مستقبل الحلا,2111010001,,,,,,3.10891E+14,,غير مؤرشف,0.08
220100514,مؤسسسة فهد عبد الهادي الدوسري للتجارة,2111010001,,,,,,3.00991E+14,,غير مؤرشف,0.01
220100515,عبدالرزاق للنقليات,2111010001,,,,,,3.00991E+14,,غير مؤرشف,
220100516,شركة هند ناصر الدوسري للمقاولات,2111010001,,,502929830,,,3.11599E+14,,غير مؤرشف,0.4
220100517,شركة مواسم الخير,2111010001,,555179437,,,,3.10486E+14,,غير مؤرشف,0.5
220100518,مؤسسة علي سعيد  صالح الصيعري,2111010001,,,,,,3.1031E+14,,غير مؤرشف,
220100519,شركة مثلجات شامية لبيع المثلجات,2111010001,,,,,,3.12083E+14,,غير مؤرشف,0.3
220100520,YAMARE TRADING PLC,2111010001,,,,,,,,غير مؤرشف,
220100521,شركة كمون المتحدة التجارية,2111010001,,,,,,3.12371E+14,,غير مؤرشف,34022.51
220100522,شركه تواصل الدوليه للاتصالات و تقنيه المعلومات,2111010001,,9.6692E+11,,,,3.02009E+14,,غير مؤرشف,
220100523,شركة ارض المحاصيل للتجارة,2111010001,,,,,,3.11827E+14,,غير مؤرشف,1610
220100524,شركة جود البن للتجارة,2111010001,,,,,,3.10934E+14,,غير مؤرشف,0
220100525,مجموعة عبدالرحمن صالح السنيدي التجارية1,2111010001,,,580971319,موقف,,3.12364E+14,,غير مؤرشف,
220100526,شركة قمة المنصورة للتجارة,2111010001,,,96654204531,,,3.10616E+14,,غير مؤرشف,0.9
220100527,مؤسسة الياف للتمور,2111010001,,,,,,3.01005E+14,,غير مؤرشف,0.23
220100528,شركة البيت الدمشقي للتجارة,2111010001,,,,,,3.11316E+14,,غير مؤرشف,3450
220100529,مؤسسة بحر التوابل للمواد الغذائية,2111010001,,,,,,3.11964E+14,,غير مؤرشف,0
220100530,شركة مصنع التمور العربية,2111010001,,,,,,3.01199E+14,,غير مؤرشف,0.6
220100531,مؤسسة مشاعل حضاض المطيري,2111010001,,,,,,3.02155E+14,,غير مؤرشف,13210.64
220100532,مؤسسة احمد هليل عكرش العنزي للتجارة,2111010001,,,,,,3.02214E+14,,غير مؤرشف,3277.52
220100533,شركة تاتكو العالمية للتجارة ذ.م.م.,2111010001,,,,,,3.10466E+14,,غير مؤرشف,0
220100534,شركة اتحاد اسيل الغذائية,2111010001,,559648692,,,,3.12488E+14,,غير مؤرشف,0
220100535,شركة وردة الخزامى التجارية,2111010001,,,,,,3.12637E+14,,غير مؤرشف,3343.25
220100536,شركة قلعة الذهبية التجارية - للرخام,2111010001,,,507811416,,,3.1133E+14,,غير مؤرشف,0.04
220100537,مؤسسة عاصمة النخيل,2111010001,,,,,,3.00754E+14,,غير مؤرشف,0.14
220100538,شركة تنوير الخليج للتجارة قابضة,2111010001,,,550686300,,,3.11648E+14,,غير مؤرشف,0
220100539,مؤسسة وقت التحميص للتجارة,2111010001,,570223704,508342222,,,3.00928E+14,,غير مؤرشف,900
220100540,مصنع نجم الميدان للبلك شركة شخص واحد,2111010001,,,503489067,,,3.11347E+14,,غير مؤرشف,22.01
220100541,بن زاحم للعود,2111010001,,,,,,3.01014E+14,,غير مؤرشف,503.13
220100542,مخبز رقائق العلمين للحلويات,2111010001,,534984898,,,,3.10384E+14,,غير مؤرشف,
220100543,مؤسسة لذاذة للحلويات,2111010001,,,,,,3.01255E+14,,غير مؤرشف,11.82
220100544,مؤسسة ديار العز للسيراميك,2111010001,,,,,,3.0053E+14,,غير مؤرشف,
220100545,مؤسسة مشاعل النهرين للتجارة,2111010001,,,,,,3.02116E+14,,غير مؤرشف,14817.17
220100546,شركة الحلول الاضافية المحدودة,2111010001,,,,,,3.11289E+14,,غير مؤرشف,
220100547,شركة مصنع ربوع الجزيرة للاثاث المعدني,2111010001,,,507755397,,,3E+14,,غير مؤرشف,0
220100548,مؤسسة فهد علي العمري للتجارة/// موقف,2111010001,,,,موقف,,3.10138E+14,,غير مؤرشف,
220100549,شركة  روائع مكتل للمواد الغذائية,2111010001,,,532439948,,,3.11886E+14,,غير مؤرشف,0.85
220100549,شركة  روائع مكتل للمواد الغذائية,2111010001,,,532439948,,,3.11886E+14,,غير مؤرشف,0.85
220100550,مؤسسة ثروات الخير التجارية,2111010001,,,,,,3.00349E+14,,غير مؤرشف,8.22
220100551,شركة بلس المتطورة المحدودة,2111010001,,,,,,3.11997E+14,,غير مؤرشف,0
220100552,شركة الخيل الجامح,2111010001,,,,,,3.126E+14,,غير مؤرشف,
220100553,مؤسسة صناع الورق للتجاره,2111010001,,557396853,,,,3.11705E+14,,غير مؤرشف,4945
220100554,شركة نجران للمواد الغذاية والحلويات,2111010001,,,,,,3.11294E+14,,غير مؤرشف,
220100555,شركة زهراء الرياض للتجارة,2111010001,,547790950,,,,3.10075E+14,,غير مؤرشف,1.35
220100556,شركة مكارم النخبة للسيراميك ورخام,2111010001,,,,,,3.01192E+14,,غير مؤرشف,0.01
220100557,شركة فانيلا  للتجارة,2111010001,,,,,,3.11179E+14,,غير مؤرشف,0
220100558,شركة زاوية النسيم للتجارة,2111010001,,,,,,3.10166E+14,,غير مؤرشف,0
220100559,شركة صقر الجزيرة للصناعة والتجارة والمقاولات,2111010001,,,,,,3.00056E+14,,غير مؤرشف,0
220100560,شركة الحلول النهائية لاعمال الحاسب الالي,2111010001,,,,,,3.11136E+14,,غير مؤرشف,0
220100561,شركة بنيان قرطبة العربية للتجارة,2111010001,,,,,,3.1137E+14,,غير مؤرشف,0
220100562,مؤسسة ريم النفود التجارية,2111010001,,,,,,3.00064E+14,,غير مؤرشف,0.11
220100563,مصنع بساتين هجر لتعبئة التمور,2111010001,,,,,,3.0119E+14,,غير مؤرشف,0
220100564,مؤسسة المجال الفني للتجارة,2111010001,,,,,,3.0053E+14,,غير مؤرشف,1283.14
220100565,مؤسسة الخضاير للمقاولات,2111010001,,,,,,,,غير مؤرشف,
220100566,"شركة ستة جرام التجارية ""شخص واحد """,2111010001,,,,,,3.11443E+14,,غير مؤرشف,387.3
220100567,شركة العطاس العالمية للتجارة,2111010001,,,,,,3.10152E+14,,غير مؤرشف,2309.62
220100568,مؤسسة منال الكربي,2111010001,,,,,,3.11605E+14,,غير مؤرشف,12100
220100569,مؤسسة عبدالله الجبرين محمد علي الجبرين التجارية المحدودة,2111010001,,,,,,3.00038E+14,,غير مؤرشف,
220100570,مؤسسة درر حراز للتجارة,2111010001,,,,,,3.00145E+14,,غير مؤرشف,510.07
220100571,معرض اعمال التمليك للسيارات,2111010001,,,502251198,,,3.02038E+14,,غير مؤرشف,
220100572,شركة برج الرسالة للتجارة,2111010001,,,,,,3.11259E+14,,غير مؤرشف,0.06
220100573,شركة الوريد للخياطة - الزي الموحد للموظفين,2111010001,,535557246,,,,3.10979E+14,,غير مؤرشف,0
220100574,مؤسسة ابراج التحكم لادوات ومواد السلامة,2111010001,الرياض,,,,,3.11121E+14,,غير مؤرشف,1.01
220100575,معرض الدرم للسيارات,2111010001,الرياض,,,,,.,,غير مؤرشف,
220100576,مؤسسة رياض التمار للتجارة,2111010001,الرياض,596013111,,,,3.00034E+14,,غير مؤرشف,2299.89
220100577,مؤسسة سويت وان التجارية,2111010001,,,,,,3.10562E+14,,غير مؤرشف,1262.7
220100578,مؤسسة دؤوب للتجارة,2111010001,,,,,,3.10616E+14,,غير مؤرشف,0.02
220100579,شركة مجموعة ابانا للمشاريع,2111010001,الرياض,,,,,3.00053E+14,,غير مؤرشف,
220100580,شركة قارة الحلويات  التجارية,2111010001,,,,,,3.12473E+14,,غير مؤرشف,0.5
220100581,مؤسسة دسمان التجارية,2111010001,,,,,,3.10833E+14,,غير مؤرشف,0.59
220100582,مؤسسة الرواق الازرق التجارية,2111010001,,,,,,3.12269E+14,,غير مؤرشف,0.02
220100583,مؤسسة رياض التمار للتجارة // موقف 220100576,2111010001,,,,موقف,,3.00034E+14,,غير مؤرشف,
220100584,Shenzhen M-star Packaging Group,2111010001,,,,,,,,غير مؤرشف,244.21
220100585,شركة سليمان محمد البدير,2111010001,,,,,,3.12231E+14,,غير مؤرشف,0.13
220100586,شركة الاغذية المستقبلية,2111010001,,,,,,3.10153E+14,,غير مؤرشف,0
220100587,شركة قصر الحلا,2111010001,,,,,,3.10895E+14,,غير مؤرشف,0
220100588,مؤسسة فستق ريحانه للحلويات,2111010001,,,,,,3.00076E+14,,غير مؤرشف,0.25
220100589,مصنع اغذية الخليج للتموين,2111010001,,,,,,3.0005E+14,,غير مؤرشف,0
220100590,شركة قارات العالم التجارية,2111010001,,,,,,3.12111E+14,,غير مؤرشف,0
220100591,المواسم فود,2111010001,,,,,,3.12462E+14,,غير مؤرشف,16629.2
220100592,الزاهية للحلويات والمكسرات,2111010001,,,,,,3.12246E+14,,غير مؤرشف,0.11
220100593,مؤسسة تالا الحجاز للتجارة,2111010001,,563787185,,,,3.02113E+14,,غير مؤرشف,0.55
220100593,مؤسسة تالا الحجاز للتجارة,2111010001,,563787185,,,,3.02113E+14,,غير مؤرشف,0.55
220100594,شرمة الشامل العربية التجارية,2111010001,,,,,,3.1123E+14,,غير مؤرشف,
220100595,شركة قمة الانتعاش التجارية,2111010001,,,,,,3.12836E+14,,غير مؤرشف,500.13
220100596,مؤسسة كمون الشرق لتجارة الاغذية,2111010001,,,,,,3.12396E+14,,غير مؤرشف,0
220100597,شركة امجاد الرياض لبع المواد الغذائية,2111010001,,,,,,3.1083E+14,,غير مؤرشف,0.04
220100598,مؤسسة نبع فود لتجارة الاغذية,2111010001,,,,,,3.02266E+14,,غير مؤرشف,0.13
220100599,شركة ابو منصور العالمية للتجارة,2111010001,,,,,,3.11318E+14,,غير مؤرشف,
220100600,مؤسسة المرطبات المصرية للتجارة,2111010001,,,,,,3.01226E+14,,غير مؤرشف,0.19
220100601,مؤسسة ثروات الخير للتجارة موقف الحساب الجديد220100550,2111010001,,,,موقف,,3.00349E+14,,غير مؤرشف,
220100602,مؤسسة خليج المتحدين للتجارة,2111010001,,,,,,3.02162E+14,,غير مؤرشف,0
220100603,شركة النادر الفريد للتجارة,2111010001,,,,,,3.11484E+14,,غير مؤرشف,0
220100604,مؤسسة توابل البيوت للعطارة والمنتجات اليمنية,2111010001,,,,,,3.118E+14,,غير مؤرشف,
220100605,AHW GENERAL TRADING LLC,2111010001,,,,,,,,غير مؤرشف,0
220100606,شركة شاهي الاولين  للتجارة,2111010001,,,,,,3.10916E+14,,غير مؤرشف,1.06
220100607,مغفر لتجارة المواد الغذائية شركة شخص الواحد ذ.م.م,2111010001,,,,,,,,غير مؤرشف,
220100608,مؤسسة احمد محمد مغاوي,2111010001,,,,,,3.02093E+14,,غير مؤرشف,0.29
220100609,مخابز المشيطى لانتاج الخبز و الحلويات,2111010001,,505400857,,,,3.00238E+14,,غير مؤرشف,0.4
220100610,شركة موزع العلامات التجارية,2111010001,,,,,,3.12802E+14,,غير مؤرشف,0.01
220100611,محل ركن الحنا,2111010001,,,,,,3.0124E+14,,غير مؤرشف,
220100612,مؤسسة ركن البهارات للمواد الغذائية,2111010001,,,,,,3.00113E+14,,غير مؤرشف,0.01
220100613,شركة مصنع قرصان الشمس للخبز,2111010001,,,,,,3.113E+14,,غير مؤرشف,609.5
220100614,مصنع درة رتاج للصناعه,2111010001,,,,,,3.00946E+14,,غير مؤرشف,1679.25
220100615,شركة الماسكة للتجارة,2111010001,,583941121,,,,3.11337E+14,,غير مؤرشف,453.74
220100616,مؤسسة عمر فود للتجارة,2111010001,,,,,,3.1013E+14,,غير مؤرشف,
220100617, Vee Dee Enterprises,2111010001,,,,,,,,غير مؤرشف,0
220100618,شركة امانة للتامين التعاوني,2111010001,,,532042306,,,3.00276E+14,,غير مؤرشف,
220100619,مؤسسة امان وضمان للتجارة,2111010001,,,,,,3.12045E+14,,غير مؤرشف,0
220100620,HENOK AFEWORK JEBA GENERAL TRADING / IMPORT EXPORT,2111010001,,,,,,,,غير مؤرشف,
220100621,شركة عالي غالي الرشيدي,2111010001,,,.,,,.,,غير مؤرشف,0.55
220100622,شركة صافية الخليج للتجارة // موقف,2111010001,,,532001508,موقف,,3.11294E+14,,غير مؤرشف,225
220100623,الشركة السعودية الكويتية للمواد الغذائية,2111010001,,011-2700101,,,,3.00047E+14,,غير مؤرشف,0.45
220100624,مؤسسة قطاف المتحدة للتجارة,2111010001,,,,,,3.0222E+14,,غير مؤرشف,10282
220100625,العمة مزنة,2111010001,,,,,,3.01037E+14,,غير مؤرشف,0.05
220100626,شركة الربيع السعودية للاغذية,2111010001,,114981234,,,,3.00056E+14,,غير مؤرشف,18.52
220100627,شركة صافية الخير للتجارة,2111010001,,,,,,3.11294E+14,,غير مؤرشف,225.11
220100628,شركة عوامل الامتياز التجارية,2111010001,,,533443216,,,3.11246E+14,,غير مؤرشف,0
220100629,مؤسسة عالم الشاي التجارية,2111010001,,,,,,3.10131E+14,,غير مؤرشف,0.93
220100630,مؤسسة انظمة الموارد للمقاولات,2111010001,,,507991924,,,3.11262E+14,,غير مؤرشف,
220100631,شركة زين المنتج للتجارة,2111010001,,,,,,3.11921E+14,,غير مؤرشف,0.01
220100632,شركة المربع المثالي للتجارة,2111010001,,,,,,3.1247E+14,,غير مؤرشف,0
220100633,مؤسسة غرام خميس شايع كلفوت للتجارة,2111010001,,,,,,3.11807E+14,,غير مؤرشف,
220100634,مؤسسة الاختيار الامثل للتخليص الجمركي,2111010001,,,,,,3.00479E+14,,غير مؤرشف,0.84
220100635,مؤسسة البريكي للتجارة - رهش,2111010001,,,,,,3.00403E+14,,غير مؤرشف,
220100636,شركة مصنع المرطبات المعلبة,2111010001,,,,,,3.10155E+14,,غير مؤرشف,0.31
220100636,شركة مصنع المرطبات المعلبة,2111010001,,,,,,3.10155E+14,,غير مؤرشف,0.31
220100637,مؤسسة البريكي للتجارة 220100635,2111010001,,,,موقف,,3.00403E+14,,غير مؤرشف,
220100638,شركة صخور العرب,2111010001,,,,,,3.11277E+14,,غير مؤرشف,0
220100639,شركة وضوح الأثر,2111010001,,,,,,3.12688E+14,,غير مؤرشف,25.09
220100640,مؤسسة حمد ناصر مهنا السبيعي التجارية,2111010001,,,,,,3.10007E+15,,غير مؤرشف,
220100641,شركة بوابة العصر للتجارة,2111010001,,,,,,3.12223E+14,,غير مؤرشف,0
220100642,محامص  ومطاحن نجمة هيلان,2111010001,,,,,,3.10745E+14,,غير مؤرشف,24000
220100643,مؤسسة وادي النحل,2111010001,,,,,,3.00053E+14,,غير مؤرشف,
220100644,شركة مزون للتطوير,2111010001,,,,,,3.10756E+14,,غير مؤرشف,
220100645,شركة هيل دله الكيف للتجارة,2111010001,,,,,,3.11323E+14,,غير مؤرشف,61870
220100646,مؤسسة بصمة عرب للكماليات,2111010001,,,,,,3.1225E+14,,غير مؤرشف,0
220100647,مؤسسة بوابة الكيف,2111010001,,,,,,3.10569E+14,,غير مؤرشف,28469.63
220100648,مؤسسة وادي النحل التجارية,2111010001,,,,,,3.00053E+14,,غير مؤرشف,0.3
220100649,شركة خيرات الاسطورة للتجارة,2111010001,,,569105000,,,3.1161E+14,,غير مؤرشف,161278.25
220100650,شركة مصنع مذاق خرافي للصناعة,2111010001,,,538322072,,,3.11674E+14,,غير مؤرشف,0.09
220100651,شركة صره للصناعه,2111010001,,,538848237,,,3.10155E+14,,غير مؤرشف,72.46
220100652,.....................,2111010001,,,,,,3.10155E+14,,غير مؤرشف,
220100653,EASTWEST TRADE GROUP FZE,2111010001,,,,,,,,غير مؤرشف,
220100654,شركة دلة البن التجارية,2111010001,,,,,,3.10062E+14,,غير مؤرشف,
220100655,شركة ثلاثة فريندس كمباني ليمتد للصناعة,2111010001,,,550224007,,,3.12708E+14,,غير مؤرشف,0.01
220100656,شركة اعمال اللمس التجارية,2111010001,,,,,,3.12559E+14,,غير مؤرشف,1.11
220100657,كنر للصناعات البلاستيكيه,2111010001,,,,,,3.02106E+14,,غير مؤرشف,14662.5
220100658,شركه مصاعد الفلك التجاريه,2111010001,,,,,,3.10145E+14,,غير مؤرشف,0
220100659,شركة ابراهيم الشنيفي للتجارة والمقاولات المحدودة,2111010001,,,,,,3.01186E+14,,غير مؤرشف,0.49
220100660,شركه دار خولان فرع دبي,2111010001,,,550224007,,,3.12708E+14,,غير مؤرشف,5197.5
220100661,STEFENONI INTERAGRICOLA LTDA  - BRAZIL,2111010001,,,,,,,,غير مؤرشف,
220100662,شركة المنتجات الممتازة للتجارة,2111010001,,,,,,3.11311E+14,,غير مؤرشف,
220100663,مصنع شركه ركن قمحيات للخبز والحلويات,2111010001,,,,,,3.10033E+14,,غير مؤرشف,203.66
220100664,DSK GENERAL TRADING FZE,2111010001,,,,,,,,غير مؤرشف,0
220100665,شركة الدله الذهبية لتجارة الاغذية,2111010001,,,9.66536E+11,,,3.1246E+14,,غير مؤرشف,0
220100666,شركة جزيرة الحلويات التجارية,2111010001,,9.66566E+11,557396853,,,3.00043E+14,,غير مؤرشف,0.09
220100667,شركة فائق الخير لتجارة الاغذية,2111010001,,,,,,3.11587E+14,,غير مؤرشف,0
220100668,TATSAT AGRO LLP,2111010001,,,,,,,,غير مؤرشف,0
220100669,شركة شعبيات طازج ومجمد,2111010001,,,,,,3.11921E+14,,غير مؤرشف,0
220100670,GHION INDUSTRIAL AND COMMERCIAL PVT. LTD CO (GICO),2111010001,,,,,,,,غير مؤرشف,0
220100671,S.J MAGDALINOS PLC,2111010001,,,,,,,,غير مؤرشف,0
220100672,KKGT IMPORT AND EXPORT,2111010001,,,,,,,,غير مؤرشف,
220100673,شركة الاصيل فود للتجارة,2111010001,,,,,,3.13057E+14,,غير مؤرشف,26332.75
220100674,مؤسسة ركن الاتحاد,2111010001,,,,,,3.10167E+14,,غير مؤرشف,
220100675,مؤسسة راغب مصطفى راغب الشنواني للتجارة,2111010001,,,,,,3.00064E+14,,غير مؤرشف,0.08
220100676,محامص اسوار دمشق للمكسرات,2111010001,,,,,,3.12901E+14,,غير مؤرشف,
,,,,,,,,,,,
,,,,,,,,,,,
,,,,,,,,,,,
,,,,,,,,,,,
,,,,,,,,,,,
,,,,,,,,,,,
,,,,,,,,,,,
,,,,,,,,,,,
,,,,,,,,,,,
,,,,,,,,,,,
,,,,,,,,,,,
,,,,,,,,,,,
,,,,,,,,,,,
,,,,,,,,,,,
,,,,,,,,3.10262E+14,,غير مؤرشف,0
220100691,محامص مذاق البهجه للقهوة,2111010001,,,,,,3.11745E+14,,غير مؤرشف,0.5
220100692,شركة كارميلا للصناعه,2111010001,,,,,,3.11155E+14,,غير مؤرشف,17600.62
220100693,مؤسسة مرج اللوز التجارية,2111010001,,,,,,3.12412E+14,,غير مؤرشف,80
220100694,مؤسسه المذاق المتكامل التجاريه,2111010001,,,,,,3.11926E+14,,غير مؤرشف,216.67
220100695,محامص علي محمد هزازي للقهوة,2111010001,,,,,,3.00126E+14,,غير مؤرشف,0
220100696,مؤسسة وارد الجزيرة للتجارة,2111010001,,,,,,3.11227E+14,,غير مؤرشف,0
220100697,شركة ريوف المواسم للتجارة ( الرياض ),2111010001,,,,,,3.12389E+14,,غير مؤرشف,0
220100698,شركة تابيا الجديده للتجارة,2111010001,,,,,,3.10711E+14,,غير مؤرشف,
220100699,شركة تاج زهرة دمشق للخدمات التجارية,2111010001,,,,,,3.12676E+14,,غير مؤرشف,1
220100700,شركة محمد سعيد الحارثي للتجارة,2111010001,,,,,,3.11283E+14,,غير مؤرشف,30532.95
220100701,مؤسسة عنبر القوت للمواد الغذائية,2111010001,,,,,,3.10433E+14,,غير مؤرشف,0.01
220100702,شركه شرق المدينه للتجاره,2111010001,,,,,,3.10717E+14,,غير مؤرشف,0
220100703,شركة خليج واي,2111010001,,9.66504E+11,9.66504E+11,,,3.11248E+14,,غير مؤرشف,0
220100704,شركة ميثاق البن,2111010001,,,,,,3.14221E+14,,غير مؤرشف,48167
220100705,MKPRO COMPANY LIMITED,2111010001,,,,,,,,غير مؤرشف,0
220100706,شركة فلادولشي للتجارة ( كيف الشيوخ ),2111010001,,,,,,3.10437E+14,,غير مؤرشف,0.01
220100707,شركه ركن ابراج الجزيره للمقاولات,2111010001,,,,,,3.11266E+14,,غير مؤرشف,0
220100708,شركة مصنع حدائق القهوة للمنتجات الغذائية,2111010001,,508244900,,,,3.12911E+14,,غير مؤرشف,521.33
220100709,شركة ثريا البلاد للتجارة,2111010001,,,,,,3.10155E+14,,غير مؤرشف,73682.1
220100710,ربيع البن للتجارة,2111010001,,,,,,3.10687E+14,,غير مؤرشف,13800
220100711,شركة قافلة التخفيض لتجارة الجملة والتجزئة,2111010001,,,,,,3.11288E+14,,غير مؤرشف,450
220100712,شركة خيرات المأكل للتجارة,2111010001,,,,,,3.11987E+14,,غير مؤرشف,0.75
220100713,SNARM TRADING ONE MEBER PLC,2111010001,,,,,,,,غير مؤرشف,
220100714,GREEN CARDAMOM SPICES,2111010001,,,,,,,,غير مؤرشف,
220100715,مؤسسة غصن نجد للتجارة,2111010001,,,,,,3.11509E+14,,غير مؤرشف,0
220100716,شركة مخازن المستهلك  العالمية المحدودة,2111010001,,,,,,3.11646E+14,,غير مؤرشف,0
220100717,مؤسسة دله القيروان للتجارة,2111010001,,,,,,3.02127E+14,,غير مؤرشف,89700.75
220100718,صفوة البن,2111010001,,532284305,508857678,,,3.10328E+14,,غير مؤرشف,0.56
220100719,مصنع مزن,2111010001,,,,,,3.01351E+14,,غير مؤرشف,5720.04
220100720,JALBAS AGRARIAN TRADING L.L.C,2111010001,,,,,,,,غير مؤرشف,191607
220100721,AMBAR INTERNACIONAL S.A,2111010001,,,,,,,,غير مؤرشف,2026807.58
220100722,MINH HOANG BP IMPORT EXPORT COMPANY LIMITED,2111010001,,,,,,,,غير مؤرشف,0
220100723,EDMEALEM TILAHUN WELIE,2111010001,,,,,,,,غير مؤرشف,
220100724,وكالة الالهام الراقي للدعاية و الاعلام,2111010001,,,,,,3.11041E+14,,غير مؤرشف,0.5
220100724,وكالة الالهام الراقي للدعاية و الاعلام,2111010001,,,,,,3.11041E+14,,غير مؤرشف,0.5
220100725,JIDAR CITY TRADING PLC,2111010001,,,,,,,,غير مؤرشف,
220100726,مصنع رفاهيه الطاقه للصناعه,2111010003,,,,,,,,غير مؤرشف,10000
220100727,مؤسسة المغرب هوم,2111010001,,,,,,3.11941E+14,,غير مؤرشف,0
220100728,شركة انيس ثابت المجذر التجارية,2111010001,,,,,,3.12424E+14,,غير مؤرشف,12580
220100729,شركة مصنع الخليج للاغذية المحدودة,2111010001,,,,,,3.00056E+14,,غير مؤرشف,0
220100730,مؤسسة الشام فود التجارية,2111010001,,,,,,3.10644E+14,,غير مؤرشف,575
220100731,مؤسسة صاع الرزق التجارية,2111010001,,,,,,3.11172E+14,,غير مؤرشف,0
220100732,مؤسسة ناصر مرضي الدوسري للبخور,2111010001,,,,,,3.00702E+14,,غير مؤرشف,0
220100733,الشركه الوطنيه لصناعه البسكويت والحلويات,2111010001,,,,,,3.00196E+14,,غير مؤرشف,0
220100734,شركة نبع الفيروز التجارية,2111010001,,,,,,3.12608E+14,,غير مؤرشف,
220100735,شركة عز الطبيعة,2111010001,,553733074,553733074,,,3.13101E+14,,غير مؤرشف,39675
220100736,مؤسسة يبرين للتجارة,2111010001,,,,,,3.10317E+14,,غير مؤرشف,
220100737,شركة المرطبات الوطنية المحدوده,2111010001,,,,,,3.11928E+14,,غير مؤرشف,14076.03
220100738,شركة القطر الدولي للاستشارات الهندسيه,2111010003,,,,,,3.11388E+14,,غير مؤرشف,0
220100740,موسسه فؤاد  عبدالله سريه التجاريه,2111010001,,,,,,3.00233E+14,,غير مؤرشف,
220100741,مؤسسه روائع تصميم للتجاره,2111010003,,,,,,3.10912E+14,,غير مؤرشف,1600
220100742,مصنع اسودان للتمور,2111010001,,,,,,3.10433E+14,,غير مؤرشف,0
220100743,شركة حسن علي الطوري للتجارة,2111010001,,563822971,563822971,,,3.10073E+14,,غير مؤرشف,262630
220100744,شركة امسيات بيروت للتجارة,2111010001,,,,,,3.1125E+14,,غير مؤرشف,
220100745,مؤسسة علوم الكيف للتجارة,2111010001,,,,,,3.11843E+14,,غير مؤرشف,0.01
220100746,شركة جواهر التوريدات المحدودة,2111010001,,,,,,3.12452E+14,,غير مؤرشف,
220100747,محل روزانا الرياض,2111010001,,,,,,3.10174E+14,,غير مؤرشف,
220100748,مؤسسة الذوق العجيب للتجارة,2111010001,,,,,,3.11349E+13,,غير مؤرشف,
220100749,شركة طيبة الريادية التجارية,2111010001,,,,,,3.11874E+14,,غير مؤرشف,
220100750,شركة ترف للاغذية,2111010001,,,591707920,,,3.10704E+14,,غير مؤرشف,0
220100751,شركة زمرد العربية التجارية,2111010001,,,533476999,,,3.11624E+14,,غير مؤرشف,0
2201008,HADEED TRADING PLC,2111010001,,,,,,,,غير مؤرشف,0.28
2201012,مؤسسة سعد حسن القرنى,2111010001,,,,,,,,غير مؤرشف,
2201013, ا,2111010001,,,504486888,موقف,,3.00584E+14,,غير مؤرشف,
2201014,ـــــــــــ,2111010001,,,,موقف,,,,غير مؤرشف,
2201015,موسسة الغربيه -عمار البرعي-موررد,2111010001,,,,,,,,غير مؤرشف,
2201020,شركة سليمان العبد الرزاق العبد الكريم وشركاه,2111010001,,,557413063,,,3.00041E+14,,غير مؤرشف,70841.08
2201021,مؤسسة البذور النقية للتجارة,2111010001,,,,,,,,غير مؤرشف,
2201022,شركة فاضكو للتجارة المحدوده,2111010001,,,596879752,,,3.10235E+14,,غير مؤرشف,10881.37
2201023,BIRRA COFFEE TRADING PLC,2111010001,,,,,,,,غير مؤرشف,0
2201024,NINGBO NANJING BONAGRO,2111010001,,,,,,,,غير مؤرشف,0
2201025,شكرة ميلانو جمال اثيوبيا,2111010001,,,,,,,,غير مؤرشف,
2201026,شركة كرم السعودية المحدودة,2111010001,,,591557771,,,3.1033E+14,,غير مؤرشف,114791.3
2201027,SORNAY IMPORT EXPORT PLC,2111010001,,,,,,,,غير مؤرشف,0
2201028,مؤسسة على سعيد الديانى,2111010001,,,,,,22,,غير مؤرشف,0
2201029,CV SURYA MAS,2111010001,,,,,,,,غير مؤرشف,0
2201030,اثيوبيا-monig,2111010001,,,,,,,,غير مؤرشف,
2201031,اثيوبيا-leli,2111010001,,,,,,,,غير مؤرشف,0
2201032,YUNNAN H.C.IMPORT,2111010001,,,,,,,,غير مؤرشف,0
2201033,IMOTIC GENERAL_اثيوبيا,2111010001,,,,,,,,غير مؤرشف,
2201033,IMOTIC GENERAL_اثيوبيا,2111010001,,,,,,,,غير مؤرشف,
2201034,شركة الجميل العالمية للتجارة,2111010001,,,9.66505E+11,,,3.00796E+14,,غير مؤرشف,0.87
2201035,مؤسسة خالد سعد السبتى للتجارة,2111010001,,,535890221,,,3.10099E+14,,غير مؤرشف,6348.02
2201036,chowdhary sona,2111010001,,,,,,,,غير مؤرشف,0
2201037,MINDA BUSINESS GROUP PLC,2111010001,,,,,,,,غير مؤرشف,0
2201038,FUNZI TRADING  PRIIVATE LIMTED,2111010001,,,,,,,,غير مؤرشف,0
2201039,KAKI TRADING PLC,2111010001,,,,,,,,غير مؤرشف,0
2201040,HERBS N SPICES INTERNATIONAL,2111010001,,,,,,,,غير مؤرشف,0
2201041,AL HUBAISHI COFFEE,2111010001,,,,,,,,غير مؤرشف,0
2201042,OROMIE COFFE,2111010001,,,,,,,,غير مؤرشف,0
2201043,شركة الانماء العربية للتجارة,2111010001,,,545454350,,,3.00516E+14,,غير مؤرشف,9775
2201044,المرواني للعطارة,2111010001,,,557206865,,,3.02006E+14,,غير مؤرشف,36266.32
2201045,PT SUPA SURYA CLOVES ثمرة اوطان,2111010001,,,,,,,,غير مؤرشف,0
2201047,الحصين,2111010001,,,,,,,,غير مؤرشف,
2201048,حدائق القهوه// موقف,2111010001,,508244900,,موقف,,3.10559E+14,,غير مؤرشف,0
2201049,شركة الخير للتجارة,2111010001,,,543540012,,,3.00177E+14,,غير مؤرشف,15069.24
2201050,مؤسسة كيف المسافر للتجارة,2111010001,,,590588473,,,,,غير مؤرشف,
2201051,م,2111010001,,,,موقف,,3.0062E+14,,غير مؤرشف,0
2201052,شركة محامص ومطاحن السوادى للتجارة,2111010001,,,501844699,,,3.10441E+14,,غير مؤرشف,25950.57
2201053,ZELEALEM ESHETU COFFEE,2111010001,,,,,,,,غير مؤرشف,0
2201054,KAFFEE INDIANO,2111010001,,,,,,,,غير مؤرشف,296201.88
2201055,شركه رياحين الشام للتجارة,2111010001,,,507538829,,,3.11112E+14,,غير مؤرشف,1037636.6
2201056,شركة خالد درع الدرع وشريكه المحدودة - الرياض,2111010001,,,533753979,,,3.10086E+14,,غير مؤرشف,192270.59
2201057,مؤسسة الشروق العربية للتجارة,2111010001,,,507346898,,,3.02174E+14,,غير مؤرشف,73266.5
2201059,شركه وادي الجودي لتجارية,2111010001,,504451818,508423437,,,3.11048E+14,,غير مؤرشف,166202.8
2201060,شركة المرج الاخضر للتجارة,2111010001,,,,,,3.10483E+13,,غير مؤرشف,0
2201061,شركة افتاب للتجارة,2111010001,,,,,,3.00473E+14,,غير مؤرشف,0
2201062,مؤسسة الذياب للتسويق,2111010001,,,,,,,,غير مؤرشف,
2201063,مؤسسة محمد مبارك المسعودى,2111010001,,,,,,,,غير مؤرشف,
2201064,مصنع عبد الرحمن الحصان للمنتجات الغذئية,2111010001,,,503408743,,,3.00042E+14,,غير مؤرشف,6849.81
2201065,مؤسسة نسمات الغذاء للتجارة,2111010001,,,,,,,,غير مؤرشف,
2201066,شركة الشملول التجارية,2111010001,,,566135191,,,3.10811E+14,,غير مؤرشف,2083854.62
2201067,شركة ارض الشاى التجارية الرياض,2111010001,,,553000144,,,3.10201E+14,,غير مؤرشف,4.57
2201068,شركه السواحل التجاريه,2111010001,,504401811,537055066,,,3.11203E+14,,غير مؤرشف,885231.42
2201069,مؤسسة سالم عبد الله بن محفوظ التجارية - جده,2111010001,,,504652747,,,3.00151E+14,,غير مؤرشف,525930
2201080,شركة مكسرات لب للمواد الغذائية,2111010001,,,,,,,,غير مؤرشف,19540.29
2201089,مؤسسة توابل المنزل التجارية,2111010001,,,,,,,,غير مؤرشف,
2201090,AGROPRAODUCTS LEMON,2111010001,,,,,,,,غير مؤرشف,
2201091,شركة جمعان محمد الفقية التجارية,2111010001,,,,,,,,غير مؤرشف,
2201092,oplus international trading,2111010001,,,,,,,,غير مؤرشف,
2201094,NE-TAS PLC,2111010001,,,,,,,,غير مؤرشف,
2201095,سالم عبد القادر باجبير المحدودة,2111010001,,,505355319,,,3.00231E+14,,غير مؤرشف,0
2201096,مؤسسة عبد العزيز الحميضى -  الريا ض,2111010001,,,,,,3.0003E+14,,غير مؤرشف,0
2201099,شركة مجموعة جياد القصيم المتحدة للتجارة والصناعة والمقاولات المحدودة,2111010001,,505518633,,,,3.00414E+14,,غير مؤرشف,2795.98
2201100,HISAN CARDAMOM,2111010001,,,,,,,,غير مؤرشف,1155277.5
2201100,HISAN CARDAMOM,2111010001,,,,,,,,غير مؤرشف,1155277.5
2201101,شركة منازل السرور التجارية,2111010001,,,535487957,,,3.11176E+14,,غير مؤرشف,19493.14
2201102,مصنع شركة قهوة بيشة الاصلي,2111010001,,557488450,533755404,,,3.10927E+14,,غير مؤرشف,307797.5
2201104,شركة عدم نوار العتيبى للتجارة - الرباض,2111010001,,,545775149,,,3.11295E+14,,غير مؤرشف,285532
2201105,السلمان للعود ( شركة السلمان للتجارة ),2111010001,,,,,,3.10484E+14,,غير مؤرشف,183.12
2201106,مؤسسة اهل الطاقة التجارية,2111010001,,,,,,,,غير مؤرشف,0
2201107,BIXA SOCIEDAD,2111010001,,,,,,,,غير مؤرشف,0
2201108,شركة احمد بن عفيف التجارية المحدوده,2111010001,,,555989436,,,3.00128E+14,,غير مؤرشف,1.8
2201110,ABEBECH ESHETU AKA IMPORT,2111010001,,,,,,,,غير مؤرشف,296.55
2201111,مؤسة خيرات الاربعين للتجارة,2111010001,,,,,,,,غير مؤرشف,
2201112,مؤسسة باب النيل للتجارة- الرياض,2111010001,,,,,,3.02174E+14,,غير مؤرشف,0
2201113,ه,2111010001,,,,موقف,,,,غير مؤرشف,0
2201114,مؤسسة شاى خدير للتجارة - حى السلى - الرياض,2111010001,,504296609,,,,3.12317E+14,,غير مؤرشف,22789.05
2201115,M/ S/ MB SRILANKA,2111010001,,,,,,,,غير مؤرشف,
2201244,chercher oda,2111010001,,,,,,,,غير مؤرشف,
2201245,شركة الحسونلار العربية المحدودة,2111010001,,,,,,3.10276E+14,,غير مؤرشف,0
2201246,مؤسسة سعود سرور,2111010001,,,,,,,,غير مؤرشف,0
2201247,LK OVERSEAS,2111010001,,,,,,,,غير مؤرشف,0.01
2201248,شركة البرج الاخضر الاماراتية للتجارة,2111010001,,,,,,3.00641E+14,,غير مؤرشف,93978.14
2201249,مصنع اكلكم للصناعات الغذائية,2111010001,,,,,,3.0004E+14,,غير مؤرشف,0.1
2201250,مؤسسة السرتى للتجارة,2111010001,,,550050315,,,3.00645E+14,,غير مؤرشف,0
2201251,مؤسسة لذائذ الحلوى للتجارة,2111010001,,,562942436,,,3.10462E+14,,غير مؤرشف,0
2201252,شركه المشباب للتجارة,2111010001,,,500801326,,,3.11205E+14,,غير مؤرشف,0
2201253,شركة احمد منصور ربيع سيد التجارية,2111010001,,,551350246,,,3.1098E+14,,غير مؤرشف,2139
2201254,شركة صقر الامل للتجارة,2111010001,,,,,,3.10971E+14,,غير مؤرشف,0
2201255,مؤسسة التوريد الفوري للتجارة,2111010001,,,,,,3.00025E+14,,غير مؤرشف,0
2201256,مؤسسة دار الهيل والقهوة  للتجارة,2111010001,,,504255552,,,3.0043E+14,,غير مؤرشف,84423.05
2201257,مؤسسة فيصل الشمس للتجارة,2111010001,,,,,,,,غير مؤرشف,
2201258,شركة دلة الجزيرة للقهوة,2111010001,,580113170,,,,3.10447E+14,,غير مؤرشف,570.81
2201259,مؤسسة عبد العزيز عبد اللطيف الحسين للعطارة,2111010001,,,,,,3.01117E+14,,غير مؤرشف,201663.3
2201260,مؤسسة الركن المغربى التجارية,2111010001,,,,,,3.00736E+14,,غير مؤرشف,7261.6
2201261,شركة ركن الفرص التجارية,2111010001,,,533358799,,,3.11199E+14,,غير مؤرشف,27907.79
2201262,مؤسسة زاوية التوزيع للتجارة,2111010001,,,,,,3.00266E+14,,غير مؤرشف,0.01
2201263,شركة شاى الصمان للتجارة,2111010001,,,,,,,,غير مؤرشف,128204.06
2201264,شركة سماء الزعفران للتجارة,2111010001,,,,,,3.11167E+14,,غير مؤرشف,2.68
2201265,مؤسسة القهوة الخضراء للتجارة,2111010001,,,,,,,,غير مؤرشف,
2201266,GOLDENGATE TRADING,2111010001,,,,,,,,غير مؤرشف,0
2201267,مؤسسة علي عبد الكريم احمد كعبي للتجارة,2111010001,,,558436504,,,3.00713E+14,,غير مؤرشف,0
2201268,مؤسسة خالد عثمان الاحمد للتجارة,2111010001,,,530705257,,,3.0123E+14,,غير مؤرشف,5675.67
2201269,مؤسسة لمسة سجى للتجارة,2111010001,,,,,,,,غير مؤرشف,0
2201270,شركة عبد العزيز التويجرى للتجارة,2111010001,,,557866890,,,3.00045E+14,,غير مؤرشف,26.78
2201271,مؤسسة خالد حمود الكريشان للتجارة,2111010001,,,114144998,,,3.00043E+14,,غير مؤرشف,0
2201272,شركة مصنع تيهور المحدودة,2111010001,,,,,,3.00048E+14,,غير مؤرشف,0
2201273,مؤسسة مزايا المروج للتجارة,2111010001,,553040685,,,,3.003E+14,,غير مؤرشف,23380
2201274,مؤسسة مدار المراسيم للتجارة,2111010001,,,,,,,,غير مؤرشف,0
2201275,مجموعة الهليس للمواد الغذائية,2111010001,,,,,,,,غير مؤرشف,
2201275,مجموعة الهليس للمواد الغذائية,2111010001,,,,,,,,غير مؤرشف,
2201276,مؤسسة العفراى للعسل الطبيعى,2111010001,,,,,,,,غير مؤرشف,0
2201277,مركز تميز التموين للتجارة,2111010001,,,,,,,,غير مؤرشف,0
2201278,شركة ادمة شمران للتجارة,2111010001,,,,,,3.00046E+14,,غير مؤرشف,135.07
2201279,شركة التموين العربى للتجارة,2111010001,,,590588473,,,3.00102E+14,,غير مؤرشف,0
2201280,مؤسسة منبر الخليج التجارية,2111010001,,,509099019,,,3.00417E+14,,غير مؤرشف,0.03
2201281,ص,2111010001,,,,موقف,,,,غير مؤرشف,0
2201282,BIN KHALIFA COMPANY,2111010001,,,,,,,,غير مؤرشف,99437.1
2201283,مؤسسة عبد العزيز سليمان الشبرمي,2111010001,,,,,,3.0044E+13,,غير مؤرشف,118.05
2201284,شركة كيف الشيوخ,2111010001,,,,,,,,غير مؤرشف,0
2201285,شركة بوابة فهد للمواد الغذائية,2111010001,,,,,,3.11148E+14,,غير مؤرشف,7.9
2201286,شركه اصل الكيف للصناعات الغذائيه - الرياض,2111010001,,,506406804,,,3.10277E+14,,غير مؤرشف,84330.65
2201287,COMMODITY KING TRADING LLC,2111010001,,,,,,,,غير مؤرشف,
2201288,مؤسسة شاى الغضا التجارية,2111010001,,,,,,3.02113E+14,,غير مؤرشف,8814.93
2201289,BAYAB COFFEE EXPORT,2111010001,,,,,,,,غير مؤرشف,
2201290,COFFEE INDIANO,2111010001,,,,,,,,غير مؤرشف,0
2201291,مؤسسة على الحلافى للتجارة,2111010001,,,,,,,,غير مؤرشف,
2201292,مؤسسة التوابل العربية  للتجارية,2111010001,,,,موقف,,3.10787E+13,,غير مؤرشف,
2201293,WARKA TRADING,2111010001,,,,,,,,غير مؤرشف,0
2201294,JALBAS AGRO COMMODITY COMPANY,2111010001,,,,,,,,غير مؤرشف,0
2201295,شركه وردة الصفصاف التجارية,2111010001,,,583131041,,,3.10912E+14,,غير مؤرشف,56366.25
2201296,ف,2111010001,,,,موقف,,3101675371,,غير مؤرشف,
2201297,مؤسسة اصول الازدهار لتجارة اللاعشاب,2111010001,,,505878459,,,3.0098E+14,,غير مؤرشف,1142.25
2201298,مؤسسة فهد على العمري للتجارة,2111010001,,,548962100,,,3.10138E+14,,غير مؤرشف,2022.9
2201299,مجموعة السلمان لتجارة الزعفران و العود,2111010001,,,,,,3.00313E+14,,غير مؤرشف,0
2201300,شركة الشهرانى العالمية المحدودة,2111010001,,,,,,,,غير مؤرشف,0
2201301,مؤسسة ماسة المعالى التجارية,2111010001,,,,,,,,غير مؤرشف,0
2201302,مؤسسة خبراء التوزيع التجارية,2111010001,,,580437910,,,3.00021E+14,,غير مؤرشف,54.56
2201303,MERCARIEX WORLDWIDE,2111010001,,,,,,,,غير مؤرشف,0
2201304,مؤسسة شلال الغذاء للتجارة- الرياض,2111010001,,,558279474,,,3.11281E+14,,غير مؤرشف,4071.75
2201305,شركة شامل الغذاء للتجارة المستودعات,2111010001,,,537330328,,,3.12626E+14,,غير مؤرشف,78.2
2201306,SAMEX INDIA PVT . LTD,2111010001,,,,,,,,غير مؤرشف,648082.5
2201307,مؤسسة صمود الماضى لتجارة الجملة,2111010001,,,,,,3.02238E+14,,غير مؤرشف,
2201308,مصنع خلطة الغربي للصناعة موقف *************220100680,2111010001,,,563530944,,,3.10838E+14,,غير مؤرشف,138
2201309,مؤسسة ماجد احمد يحيى عواجى,2111010001,,,,,,3.10199E+14,,غير مؤرشف,
2201310,مؤسسة بيت الاعشاب التجارية,2111010001,,,,,,3.00124E+14,,غير مؤرشف,
2201311,موسسه منير محمد احمد الجهني للتجاره,2111010001,,556180417,,,,3.11149E+14,,غير مؤرشف,50790
2201312,مؤسسة عالم المكسرات,2111010001,,,,,,3.00687E+14,,غير مؤرشف,0
2201313,شركة شهاب الوطن التجارية المحدودة,2111010001,,,552009813,,,3.11948E+14,,غير مؤرشف,111500
2201314,PRATA PERERIRA IMPORTACAO,2111010001,,,,,,,,غير مؤرشف,0
2201315,CV. BUMI BERKAT,2111010001,,,,,,,,غير مؤرشف,0
2201316,ASIAN FOOD INDUSTRIES - INDIA,2111010001,,,,,,,,غير مؤرشف,0
2201317,مؤسسة هناء سالمين باصالح التجارية,2111010001,,,544347188,,,3.00493E+14,,غير مؤرشف,0
2201318,ORIENT EXPORT,2111010001,,,,,,,,غير مؤرشف,0
2201319,شركة الرؤى للمواد الغذائية,2111010001,,,504264486,,,3.105E+14,,غير مؤرشف,91868.05
2201319,شركة الرؤى للمواد الغذائية,2111010001,,,504264486,,,3.105E+14,,غير مؤرشف,91868.05
2201320,WUHAN DONGTIANHENG TRADING CO - CHINA,2111010001,,,,,,,,غير مؤرشف,0
2201321,مؤسسة مملكة اللبان التجارية- الرياض,2111010001,,,,,,3.02176E+14,,غير مؤرشف,0
2201322,مؤسسة سلة التوابل-التعمير\موقف\,2111010001,,,549991939,,,3.02237E+14,,غير مؤرشف,0
2201323,ABDULWASI AHMED IMPORT AND EXPORT,2111010001,,,,,,,,غير مؤرشف,0
2201324,MILLIYON JEMAL COFFEE EXPORT - ETHIOPIA,2111010001,,,,,,,,غير مؤرشف,0
2201325,مؤسسة سالم عبد الله الزمام التجارية- عرعر,2111010001,,,,,,3.1021E+14,,غير مؤرشف,0
2201326,مؤسسة روافد البن التجارية,2111010001,,,530322263,,,3.00886E+14,,غير مؤرشف,101288
2201327,مؤسسة احمد عبد الله بن خميس للتجارة,2111010001,,,,,,3.00069E+14,,غير مؤرشف,
2201328,شركه جنان الزيتون الرياض // محول لحساب البيت الدمشقي,2111010001,,,507851774,موقف,,3.11316E+14,,غير مؤرشف,0
2201329,مؤسسة درة البرارى للتجارة,2111010001,,,,,,3.00253E+14,,غير مؤرشف,
2201330,مؤسسة بيت الوناسة للتجارة,2111010001,,,,,,3.10282E+14,,غير مؤرشف,
2201331,شركة الجوف للتنمية الزراعية,2111010001,,,505472659,,,3.00001E+14,,غير مؤرشف,146908.69
2201332,مؤسسة درة الصالحية لتجارة المواد اللغذائية - الرياض,2111010001,,,,,,3.00453E+14,,غير مؤرشف,
2201333,مؤسسة المرزوقى للبخور و اللبان,2111010001,,,,,,3.00951E+14,,غير مؤرشف,0.02
2201334,شركة مصنع قطوف الوادي,2111010001,,,568441168,,,3.0095E+14,,غير مؤرشف,38853.9
2201335,شركة قهوة السيف للتجارة - الرياض,2111010001,,,560526674,,,3.10188E+14,,غير مؤرشف,129529.17
2201336,مؤسسة مزاج كيف القهوة للتجارة - الرياض,2111010001,,,541299976,,,3.02135E+14,,غير مؤرشف,70630.06
2201337,و,2111010001,,,,موقف,,3.10276E+14,,غير مؤرشف,0
2201338, شركة سماء الكيف للتجارة,2111010001,,,,,,3.11649E+14,,غير مؤرشف,2.45
2201339,ج,2111010001,,,,موقف,,3.02222E+14,,غير مؤرشف,0
2201340,شركة محمد وابراهيم على المنيعى للتجارة- القصيم,2111010001,,,,,,3.00526E+14,,غير مؤرشف,
2201350,مؤسسه رمال الرجبه للتجاره - الرياض,2111010001,,,,,,3.10669E+14,,غير مؤرشف,4786.41
2201351,VADAKKEDATH INDUSTRIES,2111010001,,,,,,,,غير مؤرشف,0
2201352,ض,2111010001,,,,موقف,,3.10384E+13,,غير مؤرشف,
2201353,شركة ارض الفردوس للتجارة,2111010001,,,537712307,,,3.11307E+14,,غير مؤرشف,749392.12
2201354,مؤسسة هذال رشيد العتيبي,2111010001,,,531367013,,,3.00475E+14,,غير مؤرشف,5751.19
2201355,شركة وادي حلفا للتجارة,2111010001,,594215013,,,,3.10943E+14,,غير مؤرشف,5.84
2201356,مؤسسة شاي تلقيمة للتجارة,2111010001,,,,,,3.1096E+14,,غير مؤرشف,4030
2201357,مؤسسة الحناكي للتجارة,2111010001,,,,,,3.0004E+14,,غير مؤرشف,
23,ا,2111010001,,,,موقف,,1,,غير مؤرشف,0
24,مؤسسة الكويت التجارية,2111010001,,,,,,,,غير مؤرشف,
25,شركة مرج الشام التجارية المحدوده,2111010001,,506958888,,,,3.00716E+14,,غير مؤرشف,0.11
26,مؤسسة محمد بن سالم المري للتجارة,2111010001,,,,,,3.02041E+14,480,مؤرشف,
28,مؤسسة سالم عبدالله البراك للتجارة,2111010001,,,597751667,,,3.02253E+14,,غير مؤرشف,142599.25
3,جناح كيف الشيوخ عتيقة,2111010001,,,,,,,,غير مؤرشف,0
4,-,2111010001,,,,موقف,,,,غير مؤرشف,0
5,--,2111010001,,,,موقف,,3.00453E+14,,غير مؤرشف,0
6,شركة بنتي للصناعة - معمول,2111010001,,547032238,,,,3.10876E+14,,غير مؤرشف,3.41
7,موقف,2111010001,,,500000742,,,,,غير مؤرشف,0
8,مؤسسة اصايل الغذاء  للتجارة,2111010001,,,550958238,,,3.10015E+14,,غير مؤرشف,352074.31
9,مصنع قطار الخليج للبلاستيك,2111010001,,,580774868,,,,,غير مؤرشف,35690.29
9,مصنع قطار الخليج للبلاستيك,2111010001,,,580774868,,,,,غير مؤرشف,35690.29
